list, Map1
לא, l'
לֹא, lo'
לֹא, lo'
כִּי, kiy
וְלֹא, wlo'
וַיֹאמֶר, wayo'mer
וַיֹאמַר, wayo'mar
וַיֹאמַר, wayo'mar
אִיוֹֹב, 'iywov
עֲלֵי, ʕaley
עָלַי, ʕalay
אֱלוֹֹהַ, 'elwoha
אֱלוֹֹהַ, 'elwoha
וַיַעַן, wayaʕan
עָלָיו, ʕalayw
לִי, liy
לִי, liy
מִי, miy
לוֹֹ, lwo
לוּ, lu
הֱוֵא, hewe'
הוּא, hu'
לְךָ, lxa
לָךְ, lax
הֵן, hen
יְהוָה, yhwah
אֲשֶׁר, 'ašer
אֵל, 'el
אֶל, 'el
אוֹֹר, 'wor
אֵלָיו, 'elayw
עִמָדִי, ʕimadiy
חָכְמָה, ħaxmah
רְשָׁעִים, ršaʕiym
נפשי, nfשy
נַפְשִׁי, nafšiy
שַׁדַּי, šaday
אָרֶץ, 'aret͡s
אֶרֶץ, 'eret͡s
אֵפוֹֹ, 'efwo
אַפּוֹֹ, 'apwo
וְאֵין, w'eyn
וָאַיִן, wa'ayin
שָׁמָיִם, šamayim
שָׁמַיִם, šamayim
זֶה, zeh
עוֹֹד, ʕwod
עַוְלָה, ʕawlah
עוֹֹלָה, ʕwolah
בְּאֶרֶץ, b'eret͡s
בָּאָרֶץ, ba'aret͡s
בָאָרֶץ, va'aret͡s
עִמָךְ, ʕimax
עִמְךָ, ʕimxa
דַּבֵּר, daber
דַבֵּר, daber
דִּבֶּר, diber
דָּבָר, davar
דָבָר, davar
אִישׁ, 'iyš
עִמוֹֹ, ʕimwo
אָנוּשׁ, 'anuš
אֱנוֹֹשׁ, 'enwoš
בִי, viy
בִּי, biy
מִלִין, miliyn
אָדָם, 'adam
אֱלֹהִים, 'elohiym
יֵצֵא, yet͡se'
יָצָא, yat͡sa'
יֹצִא, yot͡si'
בוֹֹ, vwo
בּוֹֹ, bwo
שֵׁם, šem
שָׁם, šam
שָׂם, sam
יָדַעְתִּי, yadaʕtiy
וְהוּא, whu'
מִמֶנִי, mimeniy
מִשְׁפָּט, mišpaṭ
מִשְׁפַּט, mišpaṭ
נַפְשׁוֹֹ, nafšwo
אוֹֹ, 'wo
עַל־כֵּן, ʕal־ken
אִם־לֹא, 'im־lo'
יַחַד, yaħad
יָחַד, yaħad
אָף, 'af
אַף, 'af
לַיְלָה, laylah
לָיְלָה, laylah
יַמִים, yamiym
יָמִים, yamiym
עֵינָי, ʕeynay
עֵינַי, ʕeynay
עֵינִי, ʕeyniy
וַיְהִי, wayhiy
דַּרְכּוֹֹ, darkwo
דרכו, drxw
דָּרְכוּ, darxu
מִי־יִתֵּן, miy־yiten
וְעַתָּה, wʕatah
מִסְפָּר, mispar
מִסְפַּר, mispar
לְמוֹֹ, lmwo
לָמוֹֹ, lamwo
עָמָל, ʕamal
עָמֵל, ʕamel
לָאֵל, la'el
לְאַל, l'al
פָּנַי, panay
פָנַי, fanay
פְּנֵי, pney
צַלְמָוֶת, t͡salmawet
אָנֹכִי, 'anoxiy
אֶל־אֵל, 'el־'el
אֲנִי, 'aniy
אָנִי, 'aniy
תַּחַת, taħat
וְאוּלָם, w'ulam
אֶת־אִיוֹֹב, 'et־'iywov
אֵין, 'eyn
וְרוּחַ, wruħa
כִּי־עַתָּה, kiy־ʕatah
יֵעָנֶה, yeʕaneh
יְעַנֶה, yʕaneh
יַעֲנָה, yaʕanah
יַעֲנֶה, yaʕaneh
בָּנָיו, banayw
בָנָיו, vanayw
עָלֵימוֹֹ, ʕaleymwo
הָיִיתִי, hayiytiy
רוּחִי, ruħiy
וּמִי, umiy
אָוֶן, 'awen
אֶתְכֶם, 'etxem
וְאַחַר, w'aħar
וְאַחֵר, w'aħer
רָשָׁע, rašaʕ
מֵעָלָי, meʕalay
מֵעָלַי, meʕalay
רַגְלָי, raglay
רַגְלַי, raglay
רַגְלִי, ragliy
יָמָי, yamay
יְמֵי, ymey
יָמַי, yamay
הִנֵה, hineh
לָכֵן, laxen
יִרְאֶה, yir'eh
יִרְאָה, yir'ah
אֶת־יְהוָה, 'et־yhwah
חָשַׁךְ, ħašax
חֹשֶׁךְ, ħošex
מִלִים, miliym
חָנֵף, ħanef
שִׁמְעוּ, šimʕu
שָׁמְעוּ, šamʕu
אֵלֶיךָ, 'eleyxa
הַשָׂטָן, hasaṭan
יְהִי, yhiy
זָהָב, zahav
הָאָרֶץ, ha'aret͡s
מַיִם, mayim
תָּבוֹֹא, tavwo'
תָבוֹֹא, tavwo'
אֶל־הַשָׂטָן, 'el־hasaṭan
כִּי־לֹא, kiy־lo'
פָתַח, fataħ
פָּתַח, pataħ
פִּתֵּחַ, piteħa
פִתַּח, fitaħ
פִתֵּחַ, fiteħa
עַל־עָפָר, ʕal־ʕafar
הַתֵּימָנִי, hateymaniy
אֱלִיהוּא, 'eliyhu'
דְבָרִי, dvariy
דְבָרַי, dvaray
דְּבָרַי, dvaray
דַּבְּרִי, dabriy
דִּבְרֵי, divrey
עֹשֶׂה, ʕoseh
עָשָׂה, ʕasah
שְׂפָתַי, sfatay
לִבֶּךָ, libexa
לִבְּךָ, libxa
וְשַׁדַּי, wšaday
בַּלְהוֹֹת, balhwot
בַלָהוֹֹת, valahwot
בַּלָהוֹֹת, balahwot
אֲדַבֵּר, 'adaber
הַהוּא, hahu'
כְּמַיִם, kmayim
כַמַיִם, xamayim
כַּמָיִם, kamayim
אֹבֵד, 'oved
אָבַד, 'avad
אָבָד, 'avad
שְׁאוֹֹל, š'wol
רָע, raʕ
אֶחָד, 'eħad
לָאָרֶץ, la'aret͡s
יִתֵּן, yiten
כַּבִּיר, kabiyr
אָז, 'az
מַדּוּעַ, maduʕa
הֲלֹא, halo'
מִלָי, milay
רֹאשִׁי, ro'šiy
רָאשֵׁי, ra'šey
כַּאֲשֶׁר, ka'ašer
יָקוּם, yaqum
אֶעֱנֶה, 'eʕeneh
אַעֲנֶה, 'aʕaneh
אֵעָנֶה, 'eʕaneh
אֲדַבְּרָה, 'adabrah
אֲדַבֵּרָה, 'adaberah
אֲדַבְּרָה, 'adabrah
אַדַבְּרָה, 'adabrah
מִשֹׁפְטִי, mišofṭiy
מִשְׁפָּטִי, mišpaṭiy
מִמְקֹמוֹֹ, mimqomwo
יֹאכֵל, yo'xel
יֹאכַל, yo'xal
לָמָה, lamah
לָמָה, lamah
הָרִים, hariym
יָדוֹֹ, yadwo
יָשִׂים, yasiym
אֵשׁ, 'eš
לָהֶם, lahem
וְאָנֹכִי, w'anoxiy
אִם, 'im
מָלֵתִי, maletiy
מִלָתִי, milatiy
מִנִי, miniy
מֶנִי, meniy
לְבַדִּי, lvadiy
וְזֶה, wzeh
בִּינָה, biynah
בִינָה, viynah
אָמַר, 'amar
אֹמַר, 'omar
אַחַת, 'aħat
אֶחָת, 'eħat
אֱלִיפַז, 'eliyfaz
לָנֶצַח, lanet͡saħ
יָדִי, yadiy
לְהַגִּיד, lhagiyd
וְיָשָׁר, wyašar
לִבִּי, libiy
כֻּלָם, kulam
פָּנָיו, panayw
פָנָיו, fanayw
נְחוּשָׁה, nħušah
תִמָצֵא, timat͡se'
תִּמְצָא, timt͡sa'
תִּמָצֵא, timat͡se'
תִּקְוָה, tiqwah
וְעֵינַי, wʕeynay
וְעֵינֵי, wʕeyney
רַבִּים, rabiym
הַנַעֲמָתִי, hanaʕamatiy
מֵרָע, meraʕ
וָאִמָלְטָה, wa'imalṭah
הֶן־אֵל, hen־'el
יָצוּק, yat͡suq
תָּבֹא, tavo'
תָבֹא, tavo'
וְאֵינֶנוּ, w'eynenu
רִמָה, rimah
רָמָה, ramah
בְּשָׂרִי, bsariy
בְשָׂרִי, vsariy
בְמִשְׁפָּט, vmišpaṭ
בַּמִשְׁפָּט, bamišpaṭ
פַּחַד, paħad
פַחַד, faħad
אֵלַי, 'elay
רֵעָי, reʕay
רֵעֵי, reʕey
רֵעִי, reʕiy
וַיֹצֵא, wayot͡se'
וַיֵצֵא, wayet͡se'
בָּא, ba'
הִנֵה־נָא, hineh־na'
יֵדָע, yedaʕ
יָדַע, yadaʕ
עֲנַן, ʕanan
עָנָן, ʕanan
וַיָבֹאוּ, wayavo'u
מִדְבָּר, midbar
מְדַבֵּר, mdaber
יָבוֹֹא, yavwo'
הַשָׂדֶה, hasadeh
וִירֵא, wiyre'
וירא, wyr'
וַיַרְא, wayar'
מִמְךָ, mimxa
מִמֶךָּ, mimeka
דֵעִי, deʕiy
דֵּעִי, deʕiy
אָרְחוֹֹת, 'arħwot
וְאִישׁ, w'iyš
אֶל־אֱלוֹֹהַ, 'el־'elwoha
אֶל־אֱלוֹֹהַ, 'el־'elwoha
רַק־אֲנִי, raq־'aniy
בְּאַפּוֹֹ, b'apwo
לְבוּשׁ, lvuš
אֶהְיֶה, 'ehyeh
מָה, mah
הֶבֶל, hevel
הָבֶל, havel
נֵדָע, nedaʕ
תְהוֹֹם, thwom
תְּהוֹֹם, thwom
טָרַף, ṭaraf
טֹרֵף, ṭoref
טָרֶף, ṭaref
וְיָבֹא, wyavo'
וַיָבֹא, wayavo'
תַּחְתָּם, taħtam
תִּרְאֶה, tir'eh
אַיָה, 'ayah
אַיֵה, 'ayeh
בְעֵינָיו, vʕeynayw
בְּעֵינָיו, bʕeynayw
נִפְלָאוֹֹת, nifla'wot
נִפְלְאוֹֹת, nifl'wot
סָבִיב, saviyv
מְקוֹֹם, mqwom
מָקוֹֹם, maqwom
פָנִים, faniym
פָּנִים, paniym
בְּלִי, bliy
עַל, ʕal
לְיוֹֹם, lywom
עָפָר, ʕafar
עֵינָיו, ʕeynayw
רֻאוּ, ru'u
רָאוּ, ra'u
מִכֶּם, mikem
בֹקֶר, voqer
בָּקָר, baqar
בֹּקֶר, boqer
וּרְאֵה, ur'eh
יָדְךָ, yadxa
יָדֶךָ, yadexa
מִמֶנוּ, mimenu
וּמָה, umah
וּמֶה, umeh
אֶשָׂא, 'esa'
פְּשָׁעָי, pšaʕay
פִשְׁעִי, fišʕiy
פִּשְׁעִי, pišʕiy
מִבֶּטֶן, mibeṭen
אֹפֶל, 'ofel
מִפִּיו, mipiyw
אָתָּה, 'atah
אַתָּה, 'atah
עַיִן, ʕayin
עָיִן, ʕayin
עֵין, ʕeyn
יָמוּת, yamut
לֵבָב, levav
וַיֹסֶף, wayosef
בֵּיתוֹֹ, beytwo
בֵיתוֹֹ, veytwo
אָמַרְתִּי, 'amartiy
תָּם, tam
מְאֹד, m'od
הַיוֹֹם, haywom
כָמֹהוּ, xamohu
כָּמֹהוּ, kamohu
עֲלֵיכֶם, ʕaleyxem
לָאוֹֹר, la'wor
לֵאוֹֹר, le'wor
לְאוֹֹר, l'wor
בַּרְזֶל, barzel
עַד־אֵין, ʕad־'eyn
רַבָּה, rabah
נְחָלִים, nħaliym
חֲכַם, ħaxam
חָכָם, ħaxam
עַל־אֲנָשִׁים, ʕal־'anašiym
לְאָדָם, l'adam
לָאָדָם, la'adam
יִדְעָךְ, yidʕax
וְסָר, wsar
גַלְמוּד, galmud
גַּלְמוּד, galmud
וְשָׁם, wšam
וְשֵׁם, wšem
בְּדֵי, bdey
בַּדֵּי, badey
אֲמָרָיו, 'amarayw
וְעַיִן, wʕayin
וְעֵין, wʕeyn
שָׂרִים, sariym
עֲלֵי־אָרֶץ, ʕaley־'aret͡s
יַחְשֹׂךְ, yaħsox
יֵחָשֶׂךְ, yeħasex
יָם, yam
הַשׁוּחִי, hašuħiy
הַדֶּרֶךְ, haderex
הַדָּרֶךְ, hadarex
הַאֲמֹר, ha'amor
הָאֹמֵר, ha'omer
הֶאָמַר, he'amar
אֶתְבּוֹֹנָן, 'etbwonan
אֶתְבּוֹֹנֵן, 'etbwonen
בְּמִלִים, bmiliym
בְמִלִים, vmiliym
סוּפָה, sufah
כִּי־רַב, kiy־rav
אֶשְׁמָע, 'ešmaʕ
יַעֲנֵנִי, yaʕaneniy
תָּמִים, tamiym
תְּמִים, tmiym
לֹא־יָדַע, lo'־yadaʕ
מוֹֹכִיחַ, mwoxiyħa
וְיָקָם, wyaqam
וַיָקָם, wayaqam
הָאֱלֹהִים, ha'elohiym
מְקֹמוֹֹ, mqomwo
עוֹֹרִי, ʕworiy
אֲבָנִים, 'avaniym
כְפִיךָ, xfiyxa
כַּפֶּיךָ, kapeyxa
וְרִב, wriv
וְרֹב, wrov
בְּכֹחוֹֹ, bxoħwo
יַחְדָּו, yaħdaw
הַאֲזִינָה, ha'aziynah
יְלוּד, ylud
רָאֲתָה, ra'atah
הַזֹאת, hazo't
הֲזֹאת, hazo't
וּמִסְפַּר, umispar
בְּאָהֳלוֹֹ, b'ahalwo
הוֹֹכֵחַ, hwoxeħa
לְקוֹֹל, lqwol
כֵּן, ken
יְשִׁיבֶנוּ, yšiyvenu
הַחֲרֵשׁ, haħareš
צְעָדַי, t͡sʕaday
צַעֲדֵי, t͡saʕadey
פִיךָ, fiyxa
פִּיךָ, piyxa
עַמִים, ʕamiym
עָרוֹֹם, ʕarwom
כָּסֶף, kasef
כֶּסֶף, kesef
אַלְמָנָה, 'almanah
בְּיָדֶךָ, byadexa
בְיָדֶךָ, vyadexa
בְּיָדְךָ, byadxa
כֻּלְכֶם, kulxem
מִפְּנֵי־חֹשֶׁךְ, mipney־ħošex
וְהָיָה, whayah
בָּתֵּיהֶם, bateyhem
בָתֵּיהֶם, vateyhem
אֵי־זֶה, 'ey־zeh
הַלָיְלָה, halaylah
הַלַיְלָה, halaylah
עַל־פָּנַי, ʕal־panay
עַל־פְּנֵי, ʕal־pney
הַיָם, hayam
לְיָמִים, lyamiym
אֲחֵיהֶם, 'aħeyhem
אֲחִיהֶם, 'aħiyhem
וְנַפְשׁוֹֹ, wnafšwo
פָּרַץ, parat͡s
פֶרֶץ, feret͡s
דָרֶךְ, darex
דֶּרֶךְ, derex
דַּלְתֵי, daltey
דְּלָתַי, dlatay
וּתְהִי, uthiy
וַתְּהִי, wathiy
עָלֶיהָ, ʕaleyha
עֲלֵיהֶם, ʕaleyhem
הִכּוּ, hiku
וַתֹּאמֶר, wato'mer
גָבֶר, gaver
גֶּבֶר, gever
וְצַלְמָוֶת, wt͡salmawet
אָהֳלֶךָ, 'ahalexa
אֶהֱלֹךְ, 'ehelox
יְשׁוּרֶנָה, yšurenah
יִקָח, yiqaħ
יֻקָח, yuqaħ
צַדִּיק, t͡sadiyq
לְהִתְיַצֵב, lhityat͡sev
נָתִיב, natiyv
הִיא, hiy'
יָמָיו, yamayw
אָמְרוּ, 'amru
אִמְרוֹֹ, 'imrwo
מֵאַיִן, me'ayin
כֹּחַ, koħa
כֹחַ, xoħa
דַּלִים, daliym
דַלִים, daliym
חָרֶב, ħarev
חֶרֶב, ħerev
בְּיָדוֹֹ, byadwo
בִטְנִי, viṭniy
בִּטְנִי, biṭniy
וַיִחַר, wayiħar
וַיַחַר, wayaħar
אָכְלָה, 'axlah
אֲכַלֶה, 'axaleh
שְׁחָקִים, šħaqiym
וְהוֹֹדִיעֵנִי, whwodiyʕeniy
יְשַׁוֵּעוּ, yšaueʕu
יְשַׁוְּעוּ, yšauʕu
וְשֹׁתִים, wšotiym
וּשְׁתַּיִם, uštayim
אַחֲרִישׁ, 'aħariyš
וְיָדַעְתָּ, wyadaʕta
עַל־יְהוָה, ʕal־yhwah
דַּרְכָּם, darkam
מָוֶת, mawet
בָּה, bah
יִשְׁמָע, yišmaʕ
יִשְׁמַע, yišmaʕ
וּמִשְׁפַּט, umišpaṭ
וּמִשְׁפָּט, umišpaṭ
בְּבֹר, bvor
בַבָּר, vabar
אַחֲרָיו, 'aħarayw
אֲנָשִׁים, 'anašiym
בֵּית, beyt
בַּיִת, bayit
חָרָה, ħarah
אַרְצָה, 'art͡sah
אָרְצָה, 'art͡sah
אוֹֹנוֹֹ, 'wonwo
יָרֵא, yare'
יְרֵא, yre'
בְּשָׂרוֹֹ, bsarwo
בְשָׂרוֹֹ, vsarwo
מִבְּלִי, mibliy
וְנַחֲלַת, wnaħalat
לָשׁוֹֹן, lašwon
לְשׁוֹֹן, lšwon
יָכִין, yaxiyn
כֻלָה, xulah
כֻּלָה, kulah
כָּלָה, kalah
יָשִׂימוּ, yasiymu
שְׁמַע־לִי, šmaʕ־liy
יֵאָסֵף, ye'asef
יֶאֱסֹף, ye'esof
שְׁלֹשֶׁת, šlošet
בִטְנוֹֹ, viṭnwo
בִּטְנוֹֹ, biṭnwo
יְחַלֵק, yħaleq
יַחֲלֹק, yaħaloq
יֵחָלֶק, yeħaleq
גַּם־אֲנִי, gam־'aniy
גַם־אָנִי, gam־'aniy
שָׁמְעָה, šamʕah
שִׁמְעָה, šimʕah
כִּי־אָז, kiy־'az
אֲשַׁוַּע, 'ašauaʕ
אֲשַׁוֵּעַ, 'ašaueʕa
הַשָׁמַיִם, hašamayim
חִנָם, ħinam
יָדַעְתָּ, yadaʕta
ידעת, ydʕt
וְעַל, wʕal
פָּנֶיךָ, paneyxa
פָנֶיךָ, faneyxa
מִמֶנָה, mimenah
מֵרֶחֶם, mereħem
טוֹֹב, ṭwov
רֶגַע, regaʕ
רָגַע, ragaʕ
מֵעֵבֶר, meʕever
מֵעֲבֹר, meʕavor
לֶחֶם, leħem
לָחֶם, laħem
וְחַיַת, wħayat
אִמְרֵי, 'imrey
אֲמָרָי, 'amaray
עֲרוּמִים, ʕarumiym
עֲרוּמִים, ʕarumiym
זְכֹר, zxor
מִנִי־חֹשֶׁךְ, miniy־ħošex
קֹלוֹֹ, qolwo
קַלוּ, qalu
בְּנֵי, bney
בָנַי, vanay
עֵצָה, ʕet͡sah
וַיהוָה, wayhwah
עִם־אֵל, ʕim־'el
מָטָר, maṭar
כַּפֶּךָ, kapexa
כַּפְּךָ, kapxa
קָדִים, qadiym
כְּסוּת, ksut
כִּי־הוא, kiy־hw'
כִּי־הוּא, kiy־hu'
יֹאמְרוּ, yo'mru
נָכוֹֹן, naxwon
דְּרָכֶיךָ, draxeyxa
שָׁמוֹֹעַ, šamwoʕa
עַצְמוֹֹתָיו, ʕat͡smwotayw
גַּם, gam
מָשְׁלוֹֹ, mašlwo
מְשָׁלוֹֹ, mšalwo
אִשָׁה, 'išah
אוּלָם, 'ulam
וָקוֹֹל, waqwol
וְקוֹֹל, wqwol
עֲוֺנוֹֹת, ʕawonwot
אַךְ, 'ax
גְדֹלוֹֹת, gdolwot
פִי, fiy
פִּי, piy
הַלְאֵל, hal'el
עָוֺן, ʕawon
לְפָנָיו, lfanayw
שִׂיחִי, siyħiy
אַף־אֲנִי, 'af־'aniy
אַף־אָנִי, 'af־'aniy
פִּתְאֹם, pit'om
פִתְאֹם, fit'om
אִמִי, 'imiy
כַּמָה, kamah
טָמוּן, ṭamun
בְצָר, vt͡sar
בָּצֶר, bat͡ser
בְּצַר, bt͡sar
צֹפַר, t͡sofar
מִמָעַל, mimaʕal
בִּלְדַּד, bildad
אֶחֱזֶה, 'eħezeh
אָחֲזָה, 'aħazah
אִם־אֶרְאֶה, 'im־'er'eh
עַד־תַּכְלִית, ʕad־taxliyt
לְמַעַן, lmaʕan
תַּחְתֶּיהָ, taħteyha
הָעֹשׂוֹֹ, haʕoswo
הֶעָשׂוּ, heʕasu
בְמִלִין, vmiliyn
בְּמִלִין, bmiliyn
תֻּמָתִי, tumatiy
וַיָסֹלוּ, wayasolu
לָעָב, laʕav
קֹלוֹֹת, qolwot
תִּוָּלֵד, tiualed
רָעָה, raʕah
רֹעֶה, roʕeh
פְּעָמִים, pʕamiym
פַּעֲמַיִם, paʕamayim
כְּסִיל, ksiyl
דִּין, diyn
אַשְׁרֵי, 'ašrey
אַשֻׁרִי, 'ašuriy
עַוָּל, ʕaual
לֹא־עָנוּ, lo'־ʕanu
מֵעָפָר, meʕafar
צִדְקֶךָ, t͡sidqexa
צַדְּקֶךָּ, t͡sadqeka
בִּלְבָבֶךָ, bilvavexa
בִלְבָבֶךָ, vilvavexa
נִתְּנָה, nitnah
דָּבְקָה, davqah
דָּבֵקָה, daveqah
סוּר, sur
יִסְכָּן־גָּבֶר, yiskan־gaver
מִלֵא, mile'
מָלֵא, male'
הֵסִיר, hesiyr
יִקָחֵהוּ, yiqaħehu
וָאֹמַר, wa'omar
וְכֹל, wxol
שַׁעַר, šaʕar
שָׂעַר, saʕar
מֵסִיר, mesiyr
אַפֶּךָ, 'apexa
אוֹֹפִיר, 'wofiyr
יַאֲמִין, ya'amiyn
יָזֹקוּ, yazoqu
[לוֹֹ], [lwo]
וַיִשְׂאוּ, wayis'u
אִם־אַתָּה, 'im־'atah
חֻקִי, ħuqiy
שִׁבְעַת, šivʕat
תֹאמְרוּ, to'mru
נָהָר, nahar
וְדֶרֶךְ, wderex
אֱזָר־נָא, 'ezar־na'
צַר, t͡sar
צָר, t͡sar
אֲבוֹֹתָם, 'avwotam
חָדְלוּ, ħadlu
נֹטֶה, noṭeh
רַבּוֹֹת, rabwot
עָשִׂיתָ, ʕasiyta
בֶאֱנוֹֹשׁ, ve'enwoš
בֶּאֱנוֹֹשׁ, be'enwoš
וְשִׁפְעַת־מַיִם, wšifʕat־mayim
יָגֹרְתִּי, yagortiy
חָנֻנִי, ħanuniy
אֲחַוֶּה, 'aħaueh
בְּכֶתֶם, bxetem
כָּל־הָרָעָה, kal־haraʕah
תַּמוּ, tamu
תֻּמוֹֹ, tumwo
רָהַב, rahav
תִּעֲבוּנִי, tiʕavuniy
כְּמוֹֹ, kmwo
שָׁנָה, šanah
הֲטוֹֹב, haṭwov
זְכָר־נָא, zxar־na'
יֵרַע, yeraʕ
יָרֹעַ, yaroʕa
רָחֲקָה, raħaqah
יֵשׁ, yeš
כַּבֹּקֶר, kaboqer
כַּבָּקָר, kabaqar
עַל־פְּנֵי־מַיִם, ʕal־pney־mayim
עַל־פְּנֵי־מָיִם, ʕal־pney־mayim
וְתִקְוָתִי, wtiqwatiy
הָאִישׁ, ha'iyš
יָשָׁר, yašar
יָשֹׁר, yašor
כַּגַּנָב, kaganav
כַגַּנָב, xaganav
מִשֹׁד, mišod
וְיִחֲלוּ, wyiħalu
וְיִחֵלוּ, wyiħelu
יֹאבֵדוּ, yo'vedu
לְפָנִים, lfaniym
שָׁרָשָׁיו, šarašayw
מְתֵי, mtey
מָתַי, matay
כָּל־אָדָם, kal־'adam
גָאוֹֹן, ga'won
גְּאוֹֹן, g'won
מוֹֹלִיךְ, mwoliyx
קְצִירוֹֹ, qt͡siyrwo
הַשֻׁחִי, hašuħiy
יְדֻבָּקוּ, ydubaqu
וְשֹׁרֶשׁ, wšoreš
מְעָט, mʕaṭ
מְעַט, mʕaṭ
כְגֶבֶר, xgever
וַיֵלַךְ, wayelax
וְיֵלַךְ, wyelax
אֲכַנֶה, 'axaneh
בְּרוּחַ, bruħa
בָּרוֹֹחַ, barwoħa
אֲיַחֵל, 'ayaħel
טוֹֹבָה, ṭwovah
מַחֲזִיק, maħaziyq
כָל־חָי, xal־ħay
כָּל־חָי, kal־ħay
סָגוּר, sagur
סְגוֹֹר, sgwor
מְתִים, mtiym
שֹׁאָה, šo'ah
מִרְעֵהוּ, mirʕehu
מֵרֵעֵהוּ, mereʕehu
הַחַיִים, haħayiym
יָתוֹֹם, yatwom
וְחַיָתוֹֹ, wħayatwo
לֹא־תְשׁוּרֵנִי, lo'־tšureniy
כֹּחוֹֹ, koħwo
כֹחוֹֹ, xoħwo
בְּךָ, bxa
בְךָ, vxa
מנ, mn
פָעֳלוֹֹ, faʕalwo
שִׁנָיו, šinayw
שָׁנָיו, šanayw
אֶרְשָׁע, 'eršaʕ
הֲתֵדַע, hatedaʕ
כָּעֵץ, kaʕet͡s
צָפַנְתָּ, t͡safanta
לַחְמִי, laħmiy
וּבְעַד, uvʕad
דִּבַּרְתִּי, dibartiy
דִּבְרָתִי, divratiy
שָׂרִיד, sariyd
יָדָיו, yadayw
קָרָאתִי, qara'tiy
יֹסִיף, yosiyf
עָדֶיךָ, ʕadeyxa
עֵדֶיךָ, ʕedeyxa
בְּעַד, bʕad
יוֹֹמוֹֹ, ywomwo
יִבְרָח, yivraħ
יִבְרַח, yivraħ
רָחָב, raħav
רַחַב, raħav
וְאֶל־שַׁדַּי, w'el־šaday
כְּבוֹֹדִי, kvwodiy
וּמִיַד, umiyad
עָנִי, ʕaniy
יִשָׁקֵל, yišaqel
בִּרְכַּת, birkat
בֵּרַכְתָּ, beraxta
אֶבֶן, 'even
לְמֶלֶךְ, lmelex
בְּשֶׁלַח, bšelaħ
בַּשָׁלַח, bašalaħ
יְדֵיהֶם, ydeyhem
וּמְשֹׁאָה, umšo'ah
בְּכָל־זֹאת, bxal־zo't
יִתְהַלָךְ, yithalax
אָהֳלִי, 'ahaliy
שׁוֹֹלָל, šwolal
אֲתוֹֹנוֹֹת, 'atwonwot
כְּעַבְדִּי, kʕavdiy
מֵאֵת, me'et
זְרוֹֹעַ, zrwoʕa
וְלֹא־אָכַל, wlo'־'axal
וּבִלְדַּד, uvildad
מֵעֹשֵׂהוּ, meʕosehu
מַעֲשֵׂהוּ, maʕasehu
עֲנִיִים, ʕaniyiym
הָיוּ, hayu
אֲשִׁיבֶנוּ, 'ašiyvenu
הֲיֵשׁ, hayeš
בְּכַפָּי, bxapay
בְּכַפִּי, bxapiy
בַּדָּיו, badayw
חִצֵי, ħit͡sey
חִצִי, ħit͡siy
וְיַגֶּד־לָךְ, wyaged־lax
וְיַגֶּד־לְךָ, wyaged־lxa
כָּל־יְמֵי, kal־ymey
מִשְׁכְּנוֹֹת, mišknwot
בַּסַד, basad
תְמוּרָתוֹֹ, tmuratwo
תְּמוּרָתוֹֹ, tmuratwo
כֻּלוֹֹ, kulwo
כָּלוּ, kalu
אֶרְאֶה, 'er'eh
לֹא־אִישׁ, lo'־'iyš
בְּתוֹֹךְ, btwox
לַחֲזִיז, laħaziyz
יְסוֹֹדָם, yswodam
בֵּינֵינוּ, beyneynu
בֵינֵינוּ, veyneynu
בֶן־בַּרַכְאֵל, ven־barax'el
בָּרֵךְ, barex
בֵּרַךְ, berax
בַשַׁעַר, vašaʕar
שְׁמַע־נָא, šmaʕ־na'
אָשׁוּב, 'ašuv
רְמִיָה, rmiyah
לֶאֱנוֹֹשׁ, le'enwoš
יִכְלוּ, yixlu
יְכַלוּ, yxalu
בְּבֵיתוֹֹ, bveytwo
יֹאבֵד, yo'ved
יֹאבַד, yo'vad
שָׁחַל, šaħal
רֹאשׁ, ro'š
טָהוֹֹר, ṭahwor
כֶּעָפָר, keʕafar
וְהוּכַח, whuxaħ
וְהוֹֹכֵחַ, whwoxeħa
נַחַל, naħal
נָחַל, naħal
וַיַסְתֵּר, wayaster
וְיַסְתֵּר, wyaster
הֵמָה, hemah
אִם־יָדַעְתָּ, 'im־yadaʕta
זֹאת, zo't
אֶעֱנֶנוּ, 'eʕenenu
מִנִי־יָם, miniy־yam
עָרִיצִים, ʕariyt͡siym
מִנִי־אָלֶף, miniy־'alef
תְּשִׁיבֵנִי, tšiyveniy
כִּי־תֹאמַר, kiy־to'mar
מָלְאוּ, mal'u
אַל־תְּבַעֲתַנִי, 'al־tvaʕataniy
יָשׁוּב, yašuv
בִּימֵי, biymey
וְיִשְׂמְחוּ, wyismħu
וְיִשְׂמָחוּ, wyismaħu
חַיָי, ħayay
שֹׁמֵעַ, šomeʕa
עֶרְכָה, ʕerxah
עֶרְכָּה, ʕerkah
מִנִי־שָׁחַת, miniy־šaħat
אֲשִׁיבֶךָּ, 'ašiyveka
אֲשִׁיבְךָ, 'ašiyvxa
תְּדַבְּרוּ, tdabru
תְּשֻׁאוֹֹת, tšu'wot
וְלֹא־אָנִי, wlo'־'aniy
נָקִי, naqiy
הֲשִׁיבֵנִי, hašiyveniy
אָשִׂים, 'asiym
יִבְלָע, yivlaʕ
יְבֻלָע, yvulaʕ
בָנִים, vaniym
וְאַבְלִיגָה, w'avliygah
יַחְמֹל, yaħmol
יַחְמוֹֹל, yaħmwol
תִּהְיֶה, tihyeh
נָתַן, natan
נֹתֵן, noten
שָׁלוֹֹם, šalwom
צַמִים, t͡samiym
יַגִּיד, yagiyd
תַּרְדֵּמָה, tardemah
עוֹֹנֶךָּ, ʕwoneka
עֲוֺנְךָ, ʕawonxa
לֹא־יַעַרְכֶנָה, lo'־yaʕarxenah
לְגֶבֶר, lgever
יְשָׁרִים, yšariym
אֶפְתַּח, 'eftaħ
אֶפְתָּח, 'eftaħ
עַד, ʕad
עד, ʕd
עָמְדוּ, ʕamdu
עָמָדוּ, ʕamadu
עֶזְרָתִי, ʕezratiy
וְדַעַת, wdaʕat
וּשְׂפָתֶיךָ, usfateyxa
בֵיתִי, veytiy
בֵּיתִי, beytiy
עַד־אָנָה, ʕad־'anah
חֲכָמִים, ħaxamiym
כִּימֵי, kiymey
תִשָׁבֵר, tišaver
תִּשָׁבֵר, tišaver
בֶּעָפָר, beʕafar
בֶעָפָר, veʕafar
וַיַתְעֵם, wayatʕem
לְאִיוֹֹב, l'iywov
אַתֶּם, 'atem
אָמַרְתָּ, 'amarta
מַעֲשֵׂה, maʕaseh
מַעֲשֶׂה, maʕaseh
חָטְאוּ, ħaṭ'u
חָטָאוּ, ħaṭa'u
יִתְפָּרָדוּ, yitparadu
מִי־הוּא, miy־hu'
תִּרְדֹּף, tirdof
בַעֲדוֹֹ, vaʕadwo
בַּעֲדוֹֹ, baʕadwo
אָמְנָם, 'amnam
אוֹֹרוֹֹ, 'worwo
תָּם־אָנִי, tam־'aniy
בּוּז, buz
מִתַּחַת, mitaħat
נָא, na'
גְּמַלִים, gmaliym
גְמַלִים, gmaliym
וְגֶבֶר, wgever
וְשָׁלוֹֹשׁ, wšalwoš
יְדַבֵּרוּ, ydaberu
יָקָר, yaqar
יָדֶיךָ, yadeyxa
וְיֹאמְרוּ, wyo'mru
וַיֹאמְרוּ, wayo'mru
זַרְעֶךָ, zarʕexa
לַגּוֹֹיִם, lagwoyim
יָרִיב, yariyv
לְרֵעֵהוּ, lreʕehu
תִּפְלָה, tiflah
לֵב, lev
לָעַד, laʕad
לְעֵד, lʕed
בַּחֹשֶׁךְ, baħošex
בִּנְפֹל, binfol
לָה, lah
תִּמָלֵא, timale'
תְּמַלֵא, tmale'
אֵימָה, 'eymah
נָפֶשׁ, nafeš
נֶפֶשׁ, nefeš
בָּם, bam
מִפָּנַי, mipanay
מִפְּנֵי, mipney
יְמֵי־עֹנִי, ymey־ʕoniy
מִשַׁדַּי, mišaday
רוּחַ, ruħa
חַיִל, ħayil
חָיִל, ħayil
לִוְיָתָן, liwyatan
לֹא־רָאוּ, lo'־ra'u
בְּבֵית, bveyt
וַיִפֹּל, wayipol
בְּעֶצֶם, bʕet͡sem
בְּעֹצֶם, bʕot͡sem
יְמֵיהֶם, ymeyhem
כָל־גֵּאֶה, xal־ge'eh
וְהַחָכְמָה, whaħaxmah
לְאוֹֹיֵב, l'woyev
יוֹֹם, ywom
וַיָסֶךְ, wayasex
שְׁזָפַתּוּ, šzafatu
תֵבֵל, tevel
תֵּבֵל, tevel
בַּשָׁחַת, bašaħat
בַּשַׁחַת, bašaħat
יְגִיעַ, ygiyʕa
יַגִּיעַ, yagiyʕa
בְּמוֹֹ־פִי, bmwo־fiy
אֶמְאַס, 'em'as
אַנֲשֵׁי, 'anašey
אַנְשֵׁי, 'anšey
יִרְאוּ, yir'u
חֵלֶק־אָדָם, ħeleq־'adam
עַצְמִי, ʕat͡smiy
עֲצָמַי, ʕat͡samay
וְלֹא־יָקוּם, wlo'־yaqum
אֶעֱנֶךָּ, 'eʕeneka
גַם־הַשָׂטָן, gam־hasaṭan
וְאִיוֹֹב, w'iywov
שָׁלֵו, šalew
יֶאֱתָיוּ, ye'etayu
עָם, ʕam
כִּי־חֵמָה, kiy־ħemah
מֵאֵל, me'el
יַבִּיט, yabiyṭ
זַךְ, zax
עֲרָבָה, ʕaravah
חָטָאתִי, ħaṭa'tiy
תִּשָׂאוּן, tisa'un
בְּעִתּוֹֹ, bʕitwo
דִבַּרְתֶּם, dibartem
יַהֲלֹךְ, yahalox
אָזְנִי, 'azniy
עֲנָנוֹֹ, ʕananwo
מֵרָחוֹֹק, meraħwoq
כּוֹֹכְבֵי, kwoxvey
אָזְנָם, 'aznam
מוּסַר, musar
וְאֶת־הַנְעָרִים, w'et־hanʕariym
עֹז, ʕoz
יִצְדָּק, yit͡sdaq
חוֹֹתָם, ħwotam
חֲלָצֶיךָ, ħalat͡seyxa
הַאַף, ha'af
עוֹֹרוֹֹ, ʕworwo
וַאֲנִי, wa'aniy
גְּנָבַתּוּ, gnavatu
בַּעֲשֹׂתוֹֹ, baʕasotwo
מֵאוֹֹת, me'wot
וְאֹרַח, w'oraħ
וְאָרַח, w'araħ
וְנִשְׁמַת, wnišmat
תִקָחֶנוּ, tiqaħenu
תִּקָחֶנוּ, tiqaħenu
יִבּוֹֹל, yibwol
יְבוּל, yvul
וְאֵי, w'ey
אֶשְׁאָלְךָ, 'eš'alxa
מַעֲנֶה, maʕaneh
עָבְרָה, ʕavrah
וְאֶגְוָע, w'egwaʕ
לְפָנַי, lfanay
אֲפִיקֵי, 'afiyqey
יַיִן, yayin
וְגֶשֶׁם, wgešem
עֲצָמָיו, ʕat͡samayw
לִבּוֹֹ, libwo
כָל־אֲשֶׁר־לוֹֹ, xal־'ašer־lwo
כָּל־אֲשֶׁר־לוֹֹ, kal־'ašer־lwo
יוֹֹמָם, ywomam
שְׂאֵת, s'et
וַיִגֶל, wayigel
וְיִגֶל, wyigel
אֶל־אִיוֹֹב, 'el־'iywov
וְתִגְרַע, wtigraʕ
יְרָחִים, yraħiym
חֶרֶשׂ, ħeres
חָרֶשׂ, ħares
עוֹֹר, ʕwor
חֹלֲלָה, ħolalah
חָלִלָה, ħalilah
וְתֹרֶךָּ, wtoreka
מִמְקוֹֹמוֹֹ, mimqwomwo
תִּתְקְפֵהוּ, titqfehu
הָלַךְ, halax
הֹלֵךְ, holex
לָעֵץ, laʕet͡s
לְעֵץ, lʕet͡s
נֹצֵר, not͡ser
שָׁחַר, šaħar
שחר, שħr
וּמַה־יִצְדַּק, umah־yit͡sdaq
פֶּרֶא, pere'
אֶגְוַע, 'egwaʕ
אֶגְוָע, 'egwaʕ
יַעֲבֹרוּ, yaʕavoru
וּמִבְּשָׂרִי, umibsariy
עָבְרוּ, ʕavru
הַבּוּזִי, habuziy
אִם־אֶשְׂמַח, 'im־'esmaħ
], ]
שְׂחוֹֹק, sħwoq
יַחְתֹּם, yaħtom
בשו, vשw
בֹּשׁוּ, bošu
בָּנוֹֹת, banwot
יָמֶיךָ, yameyxa
הֲבָאתָ, hava'ta
מִפְּנֵי־חֶרֶב, mipney־ħerev
מִפְּנֵי־חָרֶב, mipney־ħarev
צִיָה, t͡siyah
שָׂמוּ, samu
שְׁמוֹֹ, šmwo
יִשְׁכַּב, yiškav
יִשְׁכָּב, yiškav
וְלֹא־אָבִין, wlo'־'aviyn
וּבֵית, uveyt
רָאָה, ra'ah
רְאֵה, r'eh
יֹשֵׁב, yošev
יֵשֶׁב, yešev
וְיֵלֵכוּ, wyelexu
וַיֵלְכוּ, wayelxu
יַחְשֹׁב, yaħšov
עוֹֹלָם, ʕwolam
אֵידָם, 'eydam
וְעֹפָרֶת, wʕofaret
וְעַפְרֹת, wʕafrot
יְבַעֲתֻהוּ, yvaʕatuhu
בְּחָכְמָה, bħaxmah
בְחָכְמָה, vħaxmah
וַעֲצַת, waʕat͡sat
וְאָחַז, w'aħaz
יֹנַקְתּוֹֹ, yonaqtwo
כְּפִירִים, kfiyriym
כְפִירִים, xfiyriym
כְּפִי, kfiy
כַּפָּי, kapay
אַרְבָּעָה, 'arbaʕah
עַל־מָה, ʕal־mah
עינו, ʕynw
עֵינוֹֹ, ʕeynwo
בַּטוֹֹב, baṭwov
בַטוֹֹב, vaṭwov
וַיְעַנֵנִי, wayʕaneniy
וַיַעֲנֵנִי, wayaʕaneniy
אֶל־עַבְדִּי, 'el־ʕavdiy
וּמָשַׁךְ, umašax
וּמֶשֶׁךְ, umešex
בְּאֶחָד, b'eħad
בְאֶחָד, v'eħad
הוֹֹד, hwod
עָלֶיךָ, ʕaleyxa
עֵינֶיךָ, ʕeyneyxa
בָּתִּים, batiym
נְכוֹֹנָה, nxwonah
[מִן, [min
יִגְזְלוּ, yigzlu
אֵלֶךְ, 'elex
אֵלֵךְ, 'elex
יֵשְׁבוּ, yešvu
יָשְׁבוּ, yašvu
וְאִם־לֹא, w'im־lo'
וְהִנֵה, whineh
וְלֹא־יַאֲמִין, wlo'־ya'amiyn
וַיְשַׁלְחֵם, wayšalħem
וִישַׁלְחֵם, wiyšalħem
כִּי־אָמַר, kiy־'amar
תְּשׁוּרֶנוּ, tšurenu
תְשׁוּרֶנוּ, tšurenu
עֵינַיִם, ʕeynayim
הַבְּכוֹֹר, habxwor
בְּלֹא, blo'
הֹרָה, horah
הָרֹה, haroh
עֵת, ʕet
וְיֵדָע, wyedaʕ
וְיֵדַע, wyedaʕ
רֵעִים, reʕiym
רָעִים, raʕiym
חָפְשִׁי, ħafšiy
לָבֶטַח, laveṭaħ
תִּבְחָן, tivħan
יַחְבְּלוּ, yaħblu
יַחְבֹּלוּ, yaħbolu
יִשְׁפּוֹֹט, yišpwoṭ
בְּמַר, bmar
לֹא־נֹפֵל, lo'־nofel
יָצְאוּ, yat͡s'u
לְפִי־חָרֶב, lfiy־ħarev
וַיָעַשׂ, wayaʕas
וַיַעַשׂ, wayaʕas
הָיָה, hayah
כּוֹֹכָבִים, kwoxaviym
יֹאמַר, yo'mar
לֶאֱלוֹֹהַ, le'elwoha
מָה־אֱנוֹֹשׁ, mah־'enwoš
מֵאֱנוֹֹשׁ, me'enwoš
אֹזֶן, 'ozen
מַצִיל, mat͡siyl
וַיְהִי־לוֹֹ, wayhiy־lwo
עֹשֵׂנִי, ʕoseniy
הֲשַׂמְתָּ, hasamta
מִי־פָקַד, miy־faqad
שָׂחֲקוּ, saħaqu
שָׁחֲקוּ, šaħaqu
הֹרָנִי, horaniy
הֹרֵנִי, horeniy
מִקָנָה, miqanah
מִקְנֶה, miqneh
וְגַע, wgaʕ
יִוָּלֵד, yiualed
יוּלָד, yulad
שָׁלֶג, šaleg
נְקַבֵּל, nqabel
אַחֵר, 'aħer
אַחַר, 'aħar
וּבֶן־אָדָם, uven־'adam
לָאֶבְיוֹֹן, la'evywon
נִסְתָּרָה, nistarah
כִּי־אַתָּה, kiy־'atah
הַגֵּד, haged
רֹגֶז, rogez
לְעָמָל, lʕamal
לְעָמֵל, lʕamel
כְּמֶלֶךְ, kmelex
תִּשְׁמֹר, tišmor
לְמֵרָחוֹֹק, lmeraħwoq
חֵקֶר, ħeqer
אָבִי, 'aviy
וְיִדַּכְּאוּ, wyidak'u
וְיִדַּכָּאוּ, wyidaka'u
הָאֲנָשִׁים, ha'anašiym
וַחֲמֵשׁ, waħameš
פָּעֲרוּ, paʕaru
כָּל־הַשָׁמַיִם, kal־hašamayim
יָשִׂם, yasim
יָשֵׂם, yasem
לַסוּס, lasus
שְׁבָא, šva'
עַל־אִישׁ, ʕal־'iyš
שִׁלֵחוּ, šileħu
בָּאוֹֹר, ba'wor
בְּאוֹֹר, b'wor
מִבְטַחוֹֹ, mivṭaħwo
פָשַׁע, fašaʕ
פֶשַׁע, fešaʕ
עֶבְרוֹֹת, ʕevrwot
עֲבָרוֹֹת, ʕavarwot
אָב, 'av
וּמֵהִתְהַלֵךְ, umehithalex
וְצוּר, wt͡sur
בְּתוֹֹכָם, btwoxam
לֶאֱכֹל, le'exol
עַבְדִּי, ʕavdiy
וְתוּשִׁיָה, wtušiyah
וּמִפָּנַי, umipanay
הֲרֹב, harov
וְשִׁלַם, wšilam
וּשְׁלם, ušlm
וַתִּבְחַר, wativħar
וְתִבְחַר, wtivħar
יַעֲמֹד, yaʕamod
בְּרִית, briyt
מִלְחָמָה, milħamah
לֹא־חָטָא, lo'־ħaṭa'
לָעֹרֵב, laʕorev
לָעֶרֶב, laʕerev
תִּקְוָתִי, tiqwatiy
תִקְוָתִי, tiqwatiy
חֲנִית, ħaniyt
נֶהְפָּךְ, nehpax
נֶהְפַּךְ, nehpax
וְאָדָם, w'adam
וָאֶדֹּם, wa'edom
וּמֵעוֹֹף, umeʕwof
תְּכַסֶךָּ, txaseka
וְלִפְנֵי, wlifney
אֵיד, 'eyd
רַק, raq
רֹק, roq
תָּפֵר, tafer
הָאֵלֶה, ha'eleh
הֲיָדַעְתָּ, hayadaʕta
וְאֵינֶנִי, w'eyneniy
בָּרִיחַ, bariyħa
בְּרִיחַ, briyħa
וְכֶסֶף, wxesef
יְמַלֵט, ymaleṭ
עִם־שַׁדַּי, ʕim־šaday
יָלִין, yaliyn
לֹא־יְדָעוֹֹ, lo'־ydaʕwo
לֹא־יָדְעוּ, lo'־yadʕu
וְאַיֵה, w'ayeh
אַחַי, 'aħay
תְנַקֵנִי, tnaqeniy
לָכֶם, laxem
וְיַשְׁלֵךְ, wyašlex
בַתֹּהוּ, vatohu
בְּתֹהוּ, btohu
וְאֵל, w'el
יְכַסֶה, yxaseh
מֵאֱלֹהִים, me'elohiym
לַשַׁחַת, lašaħat
מֵעֵינֵי, meʕeyney
מֵעֵינָי, meʕeynay
יִשְׂחַק, yisħaq
יִתְלַכְּדוּ, yitlakdu
יִתְלַכָּדוּ, yitlakadu
וְנָקִי, wnaqiy
תִּשְׂחַק, tisħaq
תִּשְׂחָק, tisħaq
אֶעֶזְבָה, 'eʕezvah
יְשַׁלֶם־לוֹֹ, yšalem־lwo
תִּשְׁכָּב, tiškav
וַיַעַן־יְהוָה, wayaʕan־yhwah
וַיָבוֹֹא, wayavwo'
יַרְעֵם, yarʕem
וְחֵךְ, wħex
תִצְדָּק, tit͡sdaq
תִּצְדָּק, tit͡sdaq
שָׁמְרָה, šamrah
בְהֵמוֹֹת, vhemwot
חֲבֹשׁ, ħavoš
חִבֵּשׁ, ħibeš
שְׂפָתָיו, sfatayw
אֹכְלִים, 'oxliym
יִתְבּוֹֹנָן, yitbwonan
עֶשֶׂר, ʕeser
עָשָׂר, ʕasar
יְבָרֲכֶךָּ, yvaraxeka
כַּצֵל, kat͡sel
לֹא־זַכּוּ, lo'־zaku
וְתִקְוַת, wtiqwat
שְׁלַח־נָא, šlaħ־na'
בְּסֵתֶר, bseter
בַּסֵתֶר, baseter
לְבָבִי, lvaviy
וָאֵפֶר, wa'efer
אִתּוֹֹ, 'itwo
אֹתוֹֹ, 'otwo
חֹק, ħoq
וּלְפָנָיו, ulfanayw
שָׁנִים, šaniym
לְרַגְלָיו, lraglayw
אִוָּלֶד, 'iualed
תִזְעָק, tizʕaq
כָּל־חַכְמֵי־לֵב, kal־ħaxmey־lev
שָׁחַת, šaħat
יַשְׂגִּיב, yasgiyv
לַעֲוֺנִי, laʕawoniy
וְאַרְבָּעִים, w'arbaʕiym
אֹסִיף, 'osiyf
יַעֲלוּ, yaʕalu
וְעַל־פֶּתַח, wʕal־petaħ
יַחְפּוֹֹז, yaħpwoz
חֻבָּלָה, ħubalah
וַיִלְבָּשֵׁנִי, wayilbašeniy
מָאַסְתִּי, ma'astiy
וַתְּטַהֲרֵם, watṭaharem
בָּרְחוּ, barħu
וְכִי־יִפְקֹד, wxiy־yifqod
הֹצֵאתָנִי, hot͡se'taniy
אֵת־כָּל־גָּבֹהַ, 'et־kal־gavoha
עַל־דַּרְכֵיהֶם, ʕal־darxeyhem
בְיָדָם, vyadam
תָּשִׁית, tašiyt
בְּרָן־יַחַד, bran־yaħad
מִי־פִלַג, miy־filag
מִפָּנֶיךָ, mipaneyxa
וְכִחֶשׁ, wxiħeš
כַּשְׂדִּים, kasdiym
תִּכְלֶנָה, tixlenah
וַיְנַחֲמוּ, waynaħamu
וַיִקְרָא, wayiqra'
יָצְאָה, yat͡s'ah
רֹאִי, ro'iy
הַלְמַעַנְךָ, halmaʕanxa
מְנַחֲמֵי, mnaħamey
מְבֹרָךְ, mvorax
חֶבְלֵיהֶם, ħevleyhem
וַתֹּאכְלֵם, wato'xlem
וּלְרוּחַ, ulruħa
[תּוּשִׁיָה, [tušiyah
וּלְפֹעֲלִי, ulfoʕaliy
חָלָב, ħalav
סָגַר, sagar
וּכְאֹרַח, ux'oraħ
עִבַּר, ʕibar
וְחַיָתָם, wħayatam
וַיֶאְסֹר, waye'sor
כִּי־תִמְאַס, kiy־tim'as
כִּי־תַעֲשֹׁק, kiy־taʕašoq
הֲלֹא־אֹזֶן, halo'־'ozen
אִם־עָוֶל, 'im־ʕawel
מָאֲסוּ, ma'asu
תַּנְחוּמֹתֵיכֶם, tanħumoteyxem
אָשִׂיחָה, 'asiyħah
הִנֵנוּ, hinenu
הֶאֱבַדְתָּ, he'evadta
בְּעוֹֹר, bʕwor
וְאֵין־דֹּבֵר, w'eyn־dover
דָמִי, damiy
וְיִרְאַת, wyir'at
אִמְרֵי־יֹשֶׁר, 'imrey־yošer
בְּאָזְנֵינוּ, b'azneynu
וְאֹהֶל, w'ohel
כַּאֲפִיק, ka'afiyq
בִּלְבָבָם, bilvavam
כִחַדְתִּי, xiħadtiy
מֵרֶדֶת, meredet
יִגַּשׁוּ, yigašu
כְנֵפֶל, xnefel
כְּמוֹֹ־אֵשׁ, kmwo־'eš
אִם־נִפְתָּה, 'im־niftah
יַחְתּוֹֹם, yaħtwom
תִּרְאוּ, tir'u
וַתִּשַׁק, watišaq
כִּי־אָמְנָם, kiy־'amnam
וּבְהַמְרוֹֹתָם, uvhamrwotam
מַעְבָּדֵיהֶם, maʕbadeyhem
הסערה, hsʕrh
אֲשֶׁר־יָקוֹֹט, 'ašer־yaqwoṭ
לְעֵינֵיהֶם, lʕeyneyhem
וּמִי־אָמַר, umiy־'amar
וָגֹבַה, wagovah
וַתִּבְעַר, wativʕar
יְעַקְבֵם, yʕaqvem
עַרְבֵי־נָחַל, ʕarvey־naħal
עִמָהֶם, ʕimahem
דְרָכָי, draxay
עַל־הַנְעָרִים, ʕal־hanʕariym
אֶשְׂחַק, 'esħaq
בְּעֵט־בַּרְזֶל, bʕeṭ־barzel
מִמַטְמוֹֹנִים, mimaṭmwoniym
חֲרוּצִים, ħarut͡siym
תְּמוּנָה, tmunah
לוּ־יֵשׁ, lu־yeš
עַד־יָרֵחַ, ʕad־yareħa
הֲסִיתְךָ, hasiytxa
מִכַּעַשׂ, mikaʕas
יוּבָל, yuval
לְמַכְבִּיר, lmaxbiyr
תְּשַׁלַחְנָה, tšalaħnah
מִבֹּקֶר, miboqer
זְמִרוֹֹת, zmirwot
וּמַה־שָׁדַיִם, umah־šadayim
וַאֲסַפֵּרָה, wa'asaperah
וְתֹפֶת, wtofet
[יְלָדָיו], [yladayw]
מֹצָא, mot͡sa'
לִמְשֹׁפְטִי, limšofṭiy
וּפָרַשְׂתָּ, ufarasta
דֶשֶׁא, deše'
לֹא־לְעֹלָם, lo'־lʕolam
מִנְהֶם, minhem
נַפְשָׁם, nafšam
כִּי־תְמוֹֹל, kiy־tmwol
תִּכְרַעְנָה, tixraʕnah
וְהָדָר, whadar
כִּי־רִצַץ, kiy־rit͡sat͡s
רְתָמִים, rtamiym
מְשַׁחֲרֵי, mšaħarey
אִם־יִשְׁמְעוּ, 'im־yišmʕu
הַתְשַׂחֶק־בּוֹֹ, hatsaħeq־bwo
לְעַשְׁתּוּת, lʕaštut
אַל־תִּשְׁאַף, 'al־tiš'af
וְגַם־אֲנִי, wgam־'aniy
פְּנֵי־כִסֵה, pney־xiseh
לִפְנֵי־אֵל, lifney־'el
וַתִּפְקְדֶנוּ, watifqdenu
קָמוּ, qamu
תָּכִין, taxiyn
אַךְ־שָׁוְא, 'ax־šaw'
עַל־יְדֵיהֶם, ʕal־ydeyhem
אֵתָן, 'etan
קַלֹתִי, qalotiy
כִּי־בוּל, kiy־vul
לֹא־יַעֲנֶה, lo'־yaʕaneh
וְעָדֵיכֶם, wʕadeyxem
וְאֹצְרוֹֹת, w'ot͡srwot
אִם־כִּסִיתִי, 'im־kisiytiy
בַּטָמוּן, baṭamun
וּבֹאוּ, uvo'u
חָתֻם, ħatum
יֹאחֵז, yo'ħez
עַתָּה, ʕatah
וִיבַצְעֵנִי, wiyvat͡sʕeniy
בְּכָל־עֵת, bxal־ʕet
יָשְׁרוֹֹ, yašrwo
מֶלֶךְ, melex
הוֹֹרוּנִי, hworuniy
לְבֵיתוֹֹ, lveytwo
מַה־תַּעֲשֶׂה, mah־taʕaseh
אִם־עַל־שַׁדַּי, 'im־ʕal־šaday
הֲלֹא־הֵם, halo'־hem
בַסֻכָּה, vasukah
יִתְמֹכוּ, yitmoxu
אָרְחִי, 'arħiy
וַיִשְׁבְּתוּ, wayišbtu
וַיֹאכְלוּ, wayo'xlu
בְסָפֶק, vsafeq
אֲנִי־רָאִיתִי, 'aniy־ra'iytiy
תֹּאבֵד, to'ved
הָשֵׁב, hašev
וְנִמְלַט, wnimlaṭ
לְגַלִים, lgaliym
אֲדָנֶיהָ, 'adaneyha
מִבְּלִי־טָרֶף, mibliy־ṭaref
לְזַעֲקָתִי, lzaʕaqatiy
הַוּוֹֹת, hauwot
יַהֲרָג־כָּעַשׂ, yaharag־kaʕas
וְאֶת־קַשׁ, w'et־qaš
עִצְבוּנִי, ʕit͡svuniy
וְלֹא־עָרַךְ, wlo'־ʕarax
וְאַחְדְּלָה, w'aħdlah
הֶאָנֹכִי, he'anoxiy
הֲתִקְשָׁר־רֵים, hatiqšar־reym
וְזֶה־חָזִיתִי, wzeh־ħaziytiy
חֲתַת, ħatat
שֹׁרְרוּ, šorru
חֶלְקָתָם, ħelqatam
עָתְקוּ, ʕatqu
הוֹֹדִיעֵנוּ, hwodiyʕenu
בִּעוּתֵי, biʕutey
עַכָּבִישׁ, ʕakaviyš
אֱלֵי־קָבֶר, 'eley־qaver
וְתַעֲלֻמָה, wtaʕalumah
בְמֹאזְנֵי־צֶדֶק, vmo'zney־t͡sedeq
אֶת־פִּיהוּ, 'et־piyhu
מַשְׁרִישׁ, mašriyš
לְעֵינָי, lʕeynay
קְשִׂיטָה, qsiyṭah
מִגֶּבֶר, migever
[יָשִׁיב], [yašiyv]
עֲמָקִים, ʕamaqiym
תֶחְדָּל, teħdal
בָּנֶיךָ, baneyxa
וְאֹתִי, w'otiy
כְּנֶשֶׁר, knešer
כְּנַעֲנִים, knaʕaniym
צְעִירִים, t͡sʕiyriym
לְפֹעֲלֵי, lfoʕaley
וְתִכְרוּ, wtixru
וַיְדַבְּרוּ־בִי, waydabru־viy
יִתְחַפֵּשׂ, yitħapes
רָאשִׁים, ra'šiym
בְמָתְנָיו, vmatnayw
יַפְרִחַ, yafriħa
חֹרֵי, ħorey
וְעַל־עֲצַת, wʕal־ʕat͡sat
תַנְחֵם, tanħem
יִלָפְתוּ, yilaftu
בִּשְׂעִפִּים, bisʕipiym
תִירָא, tiyra'
בְעֵינֵיהֶם, vʕeyneyhem
וְרֵעַ, wreʕa
וְהַעֲלִיתֶם, whaʕaliytem
הִבִּיטוּ, hibiyṭu
[שְׂרִידָיו], [sriydayw]
בָּרָד, barad
רוֹֹצֵחַ, rwot͡seħa
צֹאנִי, t͡so'niy
וְאַתָּה, w'atah
אוֹֹרֵהוּ, 'worehu
יִגְעֶה־שׁוֹֹר, yigʕeh־šwor
וּכְעָב, uxʕav
תִּשְׁכָּן־עָלָיו, tiškan־ʕalayw
וּמְצוּדוֹֹ, umt͡sudwo
וּמָקוֹֹם, umaqwom
וַיְחֻנֶנוּ, wayħunenu
יֵחָת, yeħat
כְּאֵבִי, k'eviy
[תַּחְתָּיו], [taħtayw]
יִשְׁלָיוּ, yišlayu
הַצַעֲקָתוֹֹ, hat͡saʕaqatwo
שָׁכַבְתִּי, šaxavtiy
כִּימָה, kiymah
וּמִבֶּטֶן, umibeṭen
גּוּרוּ, guru
כִּי־נָטָה, kiy־naṭah
כְּפֶרֶץ, kferet͡s
עֵדֶר, ʕeder
וְהוּא־עָשָׂה, whu'־ʕasah
לֹא־חָשְׂכוּ, lo'־ħasxu
בְחִכִּי, vħikiy
יִשְׁרֵהוּ, yišrehu
אֹנוֹֹ, 'onwo
אֶשְׁכְּחָה, 'eškħah
יִמְצְאוּ־קָבֶר, yimt͡s'u־qaver
עֵדִי, ʕediy
מַה־יָדַע, mah־yadaʕ
זְעֵיר, zʕeyr
יִדְּפֶנוּ, yidfenu
דְּמָמָה, dmamah
נְעוּרָי, nʕuray
אַמִיץ, 'amiyt͡s
כִּי־כִסָה, kiy־xisah
וְסוּר, wsur
וַתִּקַח, watiqaħ
עַל־כַּפַּיִם, ʕal־kapayim
אֶל־פָּנֶיךָ, 'el־paneyxa
יִרְחֲקוּ, yirħaqu
חָצִיר, ħat͡siyr
כֹּל, kol
בְּלִיָעַל, bliyaʕal
קָו, qaw
לֹא־יִכְבָּד, lo'־yixbad
גֵּוָה, gewah
עֵיפָתָה, ʕeyfatah
חֲמוֹֹר, ħamwor
נְדַבֵּר, ndaber
עַד־בִּלְתִּי, ʕad־biltiy
עָב, ʕav
אַדְמָתִי, 'admatiy
יִמְצָאוּהוּ, yimt͡sa'uhu
בִּשְׁחִין, bišħiyn
בַּמָוֶת, bamawet
לָרוּחַ, laruħa
בָּרוּר, barur
יִכֶל, yixel
וְנַחַת, wnaħat
הַבָּאָה, haba'ah
מַה־תַּעֲשֶׂה־לוֹֹ, mah־taʕaseh־lwo
הִנֵה־זֹאת, hineh־zo't
וְלֵב, wlev
בִּשְׁרִירֵי, bišriyrey
עַרְשִׂי, ʕarsiy
הֲלֹא־צָבָא, halo'־t͡sava'
בְּצָרֶיךָ, bt͡sareyxa
הִקְשִׁיחַ, hiqšiyħa
צֵידוֹֹ, t͡seydwo
אִם־יָמוּת, 'im־yamut
לְשׁוֹֹנִי, lšwoniy
וָחֶסֶד, waħesed
יְחַכְּמֵנוּ, yħakmenu
נִתָּעוּ, nitaʕu
יַאֲמִינוּ, ya'amiynu
וּתְחוֹֹלֵל, utħwolel
כַּעְשִׂי, kaʕsiy
וַיְפַצְפְּצֵנִי, wayfat͡spt͡seniy
כִּי־קוֹֹל, kiy־qwol
מִנִשְׁמַת, minišmat
חִכּוֹֹ, ħikwo
שָׂכִיר, saxiyr
שַׂמְתִּי, samtiy
רֹאשׁוֹֹ, ro'šwo
אֵי, 'ey
שֵׁם־הָאַחַת, šem־ha'aħat
וַיְחִי, wayħiy
תְשָׁרֵשׁ, tšareš
תִּשָׂאֵנִי, tisa'eniy
עַד־בִּלְעִי, ʕad־bilʕiy
הִגַּדְתָּ, higadta
וַיִשָׂא, wayisa'
אִוְּתָה, 'iutah
אַל־יֵרֶא, 'al־yere'
לֹא־מוּצָק, lo'־mut͡saq
וָאֶתְמַלְטָה, wa'etmalṭah
בֵינֵיהֶם, veyneyhem
אֲפִיקִים, 'afiyqiym
אִם־יִכָּרֵת, 'im־yikaret
אֶל־אֶרֶץ, 'el־'eret͡s
וְנֶחְבָּאוּ, wneħba'u
הָעֲתִידִים, haʕatiydiym
שׁוּעֲךָ, šuʕaxa
יֶשַׁע, yešaʕ
טוּבוֹֹ, ṭuvwo
לֹא־בְדַעַת, lo'־vdaʕat
וְאֶת־הָרָע, w'et־haraʕ
אֶל־אָוֶן, 'el־'awen
וַיִקְרַע, wayiqraʕ
מִשֻׁט, mišuṭ
אִם־זַךְ, 'im־zax
לְלָבִיא, llaviy'
חֻקוֹֹת, ħuqwot
וַיִרְצֵהוּ, wayirt͡sehu
עַד־נֶצַח, ʕad־net͡saħ
וְאֵשׁ, w'eš
יְדֻכָּא, yduka'
עַל־בְּלִי־מָה, ʕal־bliy־mah
על־[עֲלֵי־], ʕl־[ʕaley־]
כִּבְלִי־דָעַת, kivliy־daʕat
כָּל־אֶחָיו, kal־'eħayw
וַיַעֲשׂוּ, wayaʕasu
תְּיַבֵּשׁ, tyabeš
לֵאמֹר, le'mor
בְּרָעָב, braʕav
פָּדָה, padah
וַיִרְעוּ, wayirʕu
בְּעוֹֹרִי, bʕworiy
בֵּצֶיהָ, bet͡seyha
הַנֹתֵן, hanoten
יִשְׂאוּ, yis'u
בַּזִקִים, baziqiym
וְכָל־דְּבָרַי, wxal־dvaray
לְלֹא־כֹחַ, llo'־xoħa
אִם־עַל־פִּיךָ, 'im־ʕal־piyxa
חַתּוּ, ħatu
בְּנֶפֶשׁ, bnefeš
תַּרְשִׁיעֵנִי, taršiyʕeniy
הֲתֹצִיא, hatot͡siy'
וּמִקְנֵהוּ, umiqnehu
בְּחֵמָה, bħemah
אֶל־אֱלִיפַז, 'el־'eliyfaz
אַל־יִדְרְשֵׁהוּ, 'al־yidršehu
וְאֶעֱנֶה, w'eʕeneh
תֵדָע, tedaʕ
וְעוֹֹד, wʕwod
לִי־הוּא, liy־hu'
עֲמֻקוֹֹת, ʕamuqwot
גַם־חֹם, gam־ħom
כְּדוּד, kdud
גָּדִישׁ, gadiyš
שִׁמְעָה־לִי, šimʕah־liy
לַהֲמוֹֹן, lahamwon
וּבִגְדֵי, uvigdey
יְזֹרֶה, yzoreh
מִשְׁלֵי־אֵפֶר, mišley־'efer
כַּזַיִת, kazayit
אִם־כִּרְאוֹֹת, 'im־kir'wot
מֵאֲבוֹֹתָם, me'avwotam
[חֳמַרְמְרוּ], [ħamarmru]
יִשְׁתֶּה־לַעַג, yišteh־laʕag
תְּסַמֵר, tsamer
עַל־יָתוֹֹם, ʕal־yatwom
יִסוֹֹר, yiswor
יְזֹרְבוּ, yzorvu
וַיָמוּתוּ, wayamutu
הִקִיפוּ, hiqiyfu
יָרִיחַ, yariyħa
וַתְּסִיתֵנִי, watsiyteniy
נִתְּקוּ, nitqu
עוּגָב, ʕugav
יֵשׁ־בֵּינֵינוּ, yeš־beyneynu
אֶת־בָּנָיו, 'et־banayw
תַּתִּיכֵנִי, tatiyxeniy
[שַׁדּוּן, [šadun
תָּעֻפָה, taʕufah
חַי־אֵל, ħay־'el
וְיָתוֹֹם, wyatwom
תְסֻלֶה, tsuleh
הִשָׁמֶר, hišamer
אַחֶיךָ, 'aħeyxa
גַּם־הוּא, gam־hu'
יַחְלְמוּ, yaħlmu
מִנוּ־לִי, minu־liy
וְיִבָשׁוּ, wyivašu
לִבְלִי־אֹכֶל, livliy־'oxel
צַעֲקַת־דָּל, t͡saʕaqat־dal
צֵל, t͡sel
כְמוֹֹ־אָרֶז, xmwo־'arez
לְדִבְרֵיכֶם, ldivreyxem
יִשְׁכָּחֵהוּ, yiškaħehu
וַיְפַרְפְּרֵנִי, wayfarpreniy
הֶאָח, he'aħ
וְאֵלַי, w'elay
וּמִגֵּז, umigez
לְחֵקֶר, lħeqer
עַד־רַחֲבֵי־אָרֶץ, ʕad־raħavey־'aret͡s
לְמָרֵי, lmarey
אֶל־פִּיהוּ, 'el־piyhu
הַחֵקֶר, haħeqer
אֶת־מִי, 'et־miy
וְיַעֲבֹדוּ, wyaʕavodu
כִּי־מַעֲשֵׂה, kiy־maʕaseh
מָחַץ, maħat͡s
וְלֹא־עֹזֵר, wlo'־ʕozer
לִצְפּוּנָיו, lit͡spunayw
וַעְצֹר, waʕt͡sor
[בִּקְדֹשָׁיו], [biqdošayw]
צָרָה, t͡sarah
בְּסוֹֹד, bswod
וְרַעַם, wraʕam
מָלֵאתָ, male'ta
בְּעָלֶיהָ, bʕaleyha
מֵחַוֺּת, meħauot
כַּגֶּפֶן, kagefen
מַפַּח־נָפֶשׁ, mapaħ־nafeš
וַיְקַלֵל, wayqalel
מֵעֲוֺנֶךָ, meʕawonexa
וְיָסִירוּ, wyasiyru
כְּצִיץ, kt͡siyt͡s
בָּחַרְתָּ, baħarta
שְׂמֹאול, smo'wl
אָכֵן, 'axen
כְּחֹמֶר, kħomer
אָרָבְתִּי, 'aravtiy
וְיִרְוַח־לִי, wyirwaħ־liy
לֹא־כֵן, lo'־xen
יַד־אֱלוֹֹהַ, yad־'elwoha
לְשׁוֹֹנוֹֹ, lšwonwo
אִם־אָוֶן, 'im־'awen
שִׁפְרָה, šifrah
הַמְעַט, hamʕaṭ
לֹא־תִשְׁעֶה, lo'־tišʕeh
בְּמוּצָק, bmut͡saq
כָל־חָצִיר, xal־ħat͡siyr
אֵין־שָׂרִיד, 'eyn־sariyd
בְּמָתְנֵיהֶם, bmatneyhem
כָּל־בְּנֵי, kal־bney
אַיָלוֹֹת, 'ayalwot
בָּרֶחֶם, bareħem
יַלְדֵיהֶן, yaldeyhen
חֹרְשֵׁי, ħoršey
וּזְכוֹֹכִית, uzxwoxiyt
הֲפָכָם, hafaxam
וְהָלְכוּ, whalxu
וַיַעֲשׂוּנִי, wayaʕasuniy
מְשַׁוֵּעַ, mšaueʕa
וַיַסַע, wayasaʕ
תַּגְדִּילוּ, tagdiylu
יִלְטוֹֹשׁ, yilṭwoš
בְּבִטְנוֹֹ, bviṭnwo
יַשְׂבִּעַנִי, yasbiʕaniy
לֹא־תִקְצַר, lo'־tiqt͡sar
הֱכִינָה, hexiynah
מַלוּחַ, maluħa
מַאֲכַל, ma'axal
יְחַלֵץ, yħalet͡s
עֹזְרֵי, ʕozrey
יחדל, yħdl
וְיִתְיַצְבוּ, wyityat͡svu
וַתִּשָׁבֵר, watišaver
הַאֵל, ha'el
שְׂבַע, svaʕ
נֶשֶׁף, nešef
יַחְפֹּץ, yaħpot͡s
שָׂאוּנִי, sa'uniy
מוֹֹרָשֵׁי, mworašey
וַעֲבֻדָּה, waʕavudah
קִנְאָה, qin'ah
מֵחֹמֶר, meħomer
יֶחֱרַד, yeħerad
יְשַׂחֲקוּ־שָׁם, ysaħaqu־šam
וַעֲרָפֶל, waʕarafel
וְיֻדַּד, wyudad
וּתְמֹגְגֵנִי, utmoggeniy
יָבֹאוּ, yavo'u
וְנֹצָה, wnot͡sah
הֲלֹא־נִסַע, halo'־nisaʕ
נִקַר, niqar
תִּרְנֶה, tirneh
אַל־תִּירָא, 'al־tiyra'
פֶּן־תֹּאמְרוּ, pen־to'mru
וַיִתֵּן, wayiten
כָּכֶם, kaxem
דֹּרוֹֹת, dorwot
מֵחֻקִי, meħuqiy
וּמְצוּקָה, umt͡suqah
אַיוֹֹ, 'aywo
אֱלִל, 'elil
מִי־שִׁלַח, miy־šilaħ
בְּלִי־פָחַד, bliy־faħad
עֵינֶךָ, ʕeynexa
לְדִבְרֵי־רוּחַ, ldivrey־ruħa
וּמִמַעַל, umimaʕal
אִם־יָשִׂים, 'im־yasiym
הַקָרַח, haqaraħ
מִדָּרוֹֹם, midarwom
אִם־בְּשָׂרִי, 'im־bsariy
וְתַחַת־שְׂעֹרָה, wtaħat־sʕorah
בְּהַשְׁקִט, bhašqiṭ
וּבַאֲשֶׁר, uva'ašer
גִּידֵי, giydey
מִבְּשָׂרוֹֹ, mibsarwo
שִׁבְטוֹֹ, šivṭwo
וְיַחֲלֹף, wyaħalof
הֲתֻלִים, hatuliym
וַתִּבָּהֵל, watibahel
וּתְשׁוּבֹתֵיכֶם, utšuvoteyxem
לַחֹמֶר, laħomer
מִתְהַפֵּךְ, mithapex
לְמַסַת, lmasat
יַשִׂיגוּ, yasiygu
בְּפִיד, bfiyd
דְּעוּ־אֵפוֹֹ, dʕu־'efwo
מָצָאתִי, mat͡sa'tiy
שָׂגְבוּ, sagvu
לִקְחִי, liqħiy
תִּלְבָּשׁ, tilbaš
אִם־תָּשִׂים, 'im־tasiym
לֵילוֹֹת, leylwot
חֲלִיפוֹֹת, ħaliyfwot
וַתִּקָחֵם, watiqaħem
תְּפַלֵט, tfaleṭ
וְשׁוּר, wšur
חָרוּץ, ħarut͡s
יְסַלֵף, ysalef
לֹא־יַבְרִיחֶנוּ, lo'־yavriyħenu
וְנָהָר, wnahar
לִפְנֵי־שָׁמֶשׁ, lifney־šameš
וַאֲדַבְּרָה־אָנִי, wa'adabrah־'aniy
מִגֵּוָה, migewah
חֻבְּאוּ, ħub'u
וַיָנֻדוּ, wayanudu
כְּרָמִים, kramiym
הַמַעְתִּיק, hamaʕtiyq
הַכְנִיעֵהוּ, haxniyʕehu
הֵן־תֹּחַלְתּוֹֹ, hen־toħaltwo
וְאֹנוֹֹ, w'onwo
יַחְמֹס, yaħmos
אִתִּי, 'itiy
לַפִּידִים, lapiydiym
אֱלֵי־חָרֶב, 'eley־ħarev
יִתָּקֵעַ, yitaqeʕa
מַעְלִים, maʕliym
יִלְעַג־לָמוֹֹ, yilʕag־lamwo
גַּם־בְּנֵי, gam־bney
שֹׁפָר, šofar
וְיִשָׁעֵן, wyišaʕen
כִּי־תַעֲזֹב, kiy־taʕazov
קָצִיר, qat͡siyr
וְעֹלָתָה, wʕolatah
הֲלִיכֹת, haliyxot
וְאָבִינָה, w'aviynah
לַשֶׂכְוִי, lasexwiy
לְנֶאֱמָנִים, lne'emaniym
וַהֲשִׁיבֵנִי, wahašiyveniy
וְרָבַצְתָּ, wravat͡sta
אִם־יִצְבֹּר, 'im־yit͡sbor
הָהְפַּךְ, hahpax
[פַחֲדָיו], [faħadayw]
וּתְבוּנָה, utvunah
בְּעָבָיו, bʕavayw
תַּלְבִּישֵׁנִי, talbiyšeniy
גַּבֵּיכֶם, gabeyxem
יִלָבֵב, yilavev
יַשְׁכִּיב, yaškiyv
בַּבֹּקֶר, baboqer
סֶלַע, selaʕ
כְאֵלֶה, x'eleh
מִפִּיךָ, mipiyxa
מַה־תֵּדָע, mah־tedaʕ
מִשֹׁרֶשׁ, mišoreš
מִפִּיהֶם, mipiyhem
צֹאן, t͡so'n
יָשֹׁמוּ, yašomu
וַיִשְׁלַח, wayišlaħ
ושפי, wשfy
הַבֵּט, habeṭ
שֵׁבֶט, ševeṭ
מְרוֹֹרַת, mrworat
הֹדִיעֵנִי, hodiyʕeniy
רֶחֶם, reħem
מַשְׂגִּיא, masgiy'
רֵעוֹֹ, reʕwo
לְהִתְגָּרֵד, lhitgared
וְאוֹֹר, w'wor
שֹׁכְנֵי, šoxney
כִּי־אָמַרְתִּי, kiy־'amartiy
לֹא־אֵדַע, lo'־'edaʕ
וְיֹאבֵדוּ, wyo'vedu
חֳרָבוֹֹת, ħaravwot
אֶעֱשֶׂה, 'eʕeseh
עֲלֵי־כָסֶל, ʕaley־xasel
במו־[בְמֵי־], vmw־[vmey־]
לַמוּסָר, lamusar
וְאָמַרְתִּי, w'amartiy
קִוּוּ־לָמוֹֹ, qiuu־lamwo
וַתַּחַשׁ, wataħaš
עַל־עוֹֹלֶה, ʕal־ʕwoleh
וּבְאִמְרֵיכֶם, uv'imreyxem
וּמֵעָפָר, umeʕafar
בְּאָזְנָיו, b'aznayw
יַשְׁקִט, yašqiṭ
כִּי־רוּחַ, kiy־ruħa
וּמַשְׁגֶּה, umašgeh
עַד־אָן, ʕad־'an
וְהִשְׁכִּים, whiškiym
יִנְהָגוּ, yinhagu
אֵמִים, 'emiym
וַיַעֲנֵהוּ, wayaʕanehu
הוֹֹחַלְתִּי, hwoħaltiy
אֶת־פְּנֵי, 'et־pney
לְשֵׁמַע־אֹזֶן, lšemaʕ־'ozen
יֹעִילוּ, yoʕiylu
לָמָה־פָנֶיךָ, lamah־faneyxa
בִּבְלִי־דַעַת, bivliy־daʕat
כִּי־אֱנוֹֹשׁ, kiy־'enwoš
לֹא־תְסֻלֶה, lo'־tsuleh
וַיִצְמָאוּ, wayit͡sma'u
מְסִבּוֹֹת, msibwot
כֶּן־הִיא, ken־hiy'
דַּרְכֵי־אֵל, darxey־'el
יִמְאָס, yim'as
הֲתָצוּד, hatat͡sud
בְּחֶרְפָּה, bħerpah
אֲרֻכָּה, 'arukah
בַּאֲשֻׁרוֹֹ, ba'ašurwo
וְלֹא־יָדַע, wlo'־yadaʕ
בָּנָה, banah
לִפְנֵי־רוּחַ, lifney־ruħa
לְמַלְקוֹֹשׁ, lmalqwoš
מִבְּלִי־לוֹֹ, mibliy־lwo
לַפִּסֵחַ, lapiseħa
מַה־תִּקְוַת, mah־tiqwat
כְּרָקָב, kraqav
לֹא־יַעֲנֶנוּ, lo'־yaʕanenu
תְּבוֹֹאֶנוּ, tvwo'enu
יִכְרוּ, yixru
כֹּחִי, koħiy
בְלִי־פָשַׁע, vliy־fašaʕ
כִּי־הִשָׁה, kiy־hišah
יִתְּצֵנִי, yitt͡seniy
הֲתָרִים, hatariym
אִם־שַׂמְתִּי, 'im־samtiy
[וּבִתְבוּנָתוֹֹ], [uvitvunatwo]
עָשׁ, ʕaš
וְאָחוֹֹר, w'aħwor
הִנוֹֹ, hinwo
וְכָל־חַיַת, wxal־ħayat
נָעוּ, naʕu
תִבְכֶּינָה, tivkeynah
כִּי־יֵשׁ, kiy־yeš
רָעָתְךָ, raʕatxa
פְּדָעֵהוּ, pdaʕehu
הַר־נוֹֹפֵל, har־nwofel
וְשָׁלֵיו, wšaleyw
אֶחְבֹּל, 'eħbol
אַלְלַי, 'allay
וְכֵפִים, wxefiym
לֹא־יִצְמַח, lo'־yit͡smaħ
אַנְחֶנָה, 'anħenah
מִצָפוֹֹן, mit͡safwon
צָפַנְתִּי, t͡safantiy
כִּי־עֲדַת, kiy־ʕadat
מִי־יַגִּיד, miy־yagiyd
אִם־הֲנִיפוֹֹתִי, 'im־haniyfwotiy
כִּי־יִרְבֶּה, kiy־yirbeh
מְקוֹֹם־סַפִּיר, mqwom־sapiyr
וּלְנַחֲמוֹֹ, ulnaħamwo
בְּצַוָּארוֹֹ, bt͡saua'rwo
יֶחְשְׁכוּ, yeħšxu
עַל־בְּתוּלָה, ʕal־btulah
יִתְחַטָאוּ, yitħaṭa'u
אִם־חָטָאתָ, 'im־ħaṭa'ta
תְּנַחֲמוּנִי, tnaħamuniy
וְלֹא־יִבָּצֵר, wlo'־yibat͡ser
[כְּנָפָיו], [knafayw]
יִשְׁתֶּה, yišteh
וְכִי־תָשִׁית, wxiy־tašiyt
וַתְּבַלְעֵנִי, watvalʕeniy
יֶהְדְּפֻהוּ, yehdfuhu
וַיָרִיעוּ, wayariyʕu
וּלְכָל־תַּכְלִית, ulxal־taxliyt
יֵשֶׁל, yešel
יֹשֶׁר־לִבִּי, yošer־libiy
גָּזַל, gazal
יבלו, yvlw
מִנְלָם, minlam
בַּטֻחוֹֹת, baṭuħwot
גַּנָתוֹֹ, ganatwo
וּבִטְנָם, uviṭnam
יָמוּתוּ, yamutu
רֻקִי, ruqiy
לְמִלָה, lmilah
וַתִּירָאוּ, watiyra'u
נְדִבָתִי, ndivatiy
וְנֶעֶלְמָה, wneʕelmah
לָרֹב, larov
וּבְנֵי, uvney
וְתֶרֶב, wterev
לַחְמָם, laħmam
וַיַגֵּד, wayaged
וְהִתְבּוֹֹנֵן, whitbwonen
יְשׁוּרֶנוּ, yšurenu
אֶת־כָּל־אֲשֶׁר, 'et־kal־'ašer
וְאֶרֶץ, w'eret͡s
כִּי־אָנֹכִי, kiy־'anoxiy
גַּבֵּי, gabey
עַד־שׁוּב, ʕad־šuv
בַּחֲמוּדוֹֹ, baħamudwo
מֵאוֹֹר, me'wor
בְּרִבָם, brivam
וְנִחַמְתִּי, wniħamtiy
תָּמֹת, tamot
חָמָס, ħamas
נְתִיבָתִי, ntiyvatiy
נָבוֹֹא, navwo'
הֲקֵץ, haqet͡s
וַתִּתְבֹּנֶן, watitbonen
הְתַרְעִישֶׁנוּ, htarʕiyšenu
עַל־עַבְדִּי, ʕal־ʕavdiy
הֶן־הוּא, hen־hu'
תְנַכֵּרוּ, tnakeru
עַל־גַּל, ʕal־gal
וְעַל־גָּדִישׁ, wʕal־gadiyš
מַפְּלֵי, mapley
וַאֲסַלְדָה, wa'asaldah
מִי־יֹאמַר, miy־yo'mar
נָגְעָה, nagʕah
אִם־צָדַקְתָּ, 'im־t͡sadaqta
וּמִבְּלִי, umibliy
וְגָדוֹֹל, wgadwol
לֶעָרִיץ, leʕariyt͡s
הֵן־אַתֶּם, hen־'atem
מָה־אֹעִיל, mah־'oʕiyl
יִשָׁעֵן, yišaʕen
תְרוּעָה, truʕah
אִם־לְשֵׁבֶט, 'im־lševeṭ
לְקַשׁ, lqaš
צִוִּיתָ, t͡siuiyta
וְעַל־גּוֹֹי, wʕal־gwoy
לֹא־יֵחָשֵׂךְ, lo'־yeħasex
וּבִשְׁתַּיִם, uvištayim
אַחֲרֵי־זֹאת, 'aħarey־zo't
פִּטְדַת־כּוּשׁ, piṭdat־kuš
שִׁבְעָה־פָרִים, šivʕah־fariym
לְאִשְׁתִּי, l'ištiy
עָשִׁיר, ʕašiyr
לִבְנוֹֹת, livnwot
יִשְׁכָּן־אוֹֹר, yiškan־'wor
וְסַפִּיר, wsapiyr
לְמִשְׁפָּט, lmišpaṭ
בְחִילָה, vħiylah
הַלְהוֹֹכַח, halhwoxaħ
עִם־אֱלוֹֹהַ, ʕim־'elwoha
אֶחֱשָׂךְ, 'eħesax
וְתֹם, wtom
עִתִּים, ʕitiym
אֲשֶׁר־בִּשְׂעָרָה, 'ašer־bisʕarah
יָסֹבּוּ, yasobu
יִשְׁמְרֵנִי, yišmreniy
לִימֵי, liymey
מִשְׁכָּבִי, miškaviy
אִם־בַּסֵתֶר, 'im־baseter
חֲבָלִים, ħavaliym
יְסֻכֻּהוּ, ysukuhu
וּבְרֶגַע, uvregaʕ
וַיְקַדְּשֵׁם, wayqadšem
מִן־הַשָׁמַיִם, min־hašamayim
וּלְחַטָאתִי, ulħaṭa'tiy
מָגִנָיו, maginayw
וְחוּג, wħug
וּמֹסְרוֹֹת, umosrwot
כָעָשׁ, xaʕaš
לַכִּסֵא, lakise'
מִצְוַת, mit͡swat
אֲשֶׁר־עָשִׂיתִי, 'ašer־ʕasiytiy
בְּשׁוֹֹט, bšwoṭ
מִשִׁכְמָה, mišixmah
וְסֵתֶר, wseter
זְנָבוֹֹ, znavwo
מַה־יַמְרִיצְךָ, mah־yamriyt͡sxa
מִפָּחַד, mipaħad
וְלֹא־שָׁוָה, wlo'־šawah
עַל־שָׁרְשֵׁי, ʕal־šaršey
וְרֶסֶן, wresen
בִּשְׂפָתָיו, bisfatayw
הֲכִימֵי, haxiymey
בְּרָקִים, braqiym
כֶחָלָב, xeħalav
אוֹֹרָם, 'woram
גַּם־שָׂב, gam־sav
תַּחַת־צֶאֱלִים, taħat־t͡se'eliym
יֻטָל, yuṭal
אִם־תּוּכַל, 'im־tuxal
תְּהָתֵלוּ, thatelu
כִּי־שְׁאַל־נָא, kiy־š'al־na'
בַּגְּדוּד, bagdud
נְקִיִם, nqiyim
לֹא־יִגַּע, lo'־yigaʕ
לְלֹא, llo'
וְלַהַב, wlahav
כִּי־אֲנִי, kiy־'aniy
לָבַשְׁתִּי, lavaštiy
שֹׂנְאֶיךָ, son'eyxa
חִבְּקוּ־צוּר, ħibqu־t͡sur
לֹא־תֵבֹשׁוּ, lo'־tevošu
תַּפִּילוּ, tapiylu
הַבֹּנִים, haboniym
וְזֹרְעֵי, wzorʕey
בְּרִיר, briyr
שֻׁבוּ־נָא, šuvu־na'
אִם־אָמְנָם, 'im־'amnam
וַאֲשֶׁר, wa'ašer
נִגָּרוֹֹת, nigarwot
וְעֵינָיו, wʕeynayw
עַל־אַנְחָתִי, ʕal־'anħatiy
בָּגְדוּ, bagdu
כַּבִּירִים, kabiyriym
אִם־לָאֵל, 'im־la'el
יִטְעַם־לוֹֹ, yiṭʕam־lwo
יְעַוֵּת, yʕauet
מוֹֹצָא, mwot͡sa'
רִיבִי, riyviy
זְקֵנִים־הֵמָה, zqeniym־hemah
מֵחֶזְיֹנוֹֹת, meħezyonwot
עַל־בֵּיתוֹֹ, ʕal־beytwo
אִתָּךְ, 'itax
הֲמִיִרְאָתְךָ, hamiyir'atxa
לַמוּצָק, lamut͡saq
תִּתְחַקֶה, titħaqeh
והיתי, whyty
בְּחֻמוֹֹ, bħumwo
חֵלֶק, ħeleq
תִּתְהַפֵּךְ, tithapex
וְהָיִיתָ, whayiyta
הֶן־כָּל־אֵלֶה, hen־kal־'eleh
תִזְכֹּר, tizkor
עֲשׂוֹֹת, ʕaswot
מַחְשְׁבוֹֹת, maħšvwot
יִשְׁכָּבוּן, yiškavun
אִם־לְאַרְצוֹֹ, 'im־l'art͡swo
אֲשֶׁר־חָשַׂכְתִּי, 'ašer־ħasaxtiy
תְּאַמֵץ, t'amet͡s
לְפִי, lfiy
יֹדִיעוּ, yodiyʕu
וּכְרֹאשׁ, uxro'š
תַסְתִּיר, tastiyr
מִזֶה, mizeh
וָאֶתְמַשֵׁל, wa'etmašel
יִשְׁאַף־צֵל, yiš'af־t͡sel
[וְשֻׁפּוּ], [wšupu]
גָפְרִית, gafriyt
אַתֶּם־עָם, 'atem־ʕam
וְשִׂמְחַת, wsimħat
[וְהוּא], [whu']
לִשְׁאֹל, liš'ol
אֶבֲחַר, 'evaħar
וְיִפְתַּח, wyiftaħ
יְתֹמִים, ytomiym
עַל־דַּעְתְּךָ, ʕal־daʕtxa
אִם־פָּנָיו, 'im־panayw
הֲתִתֵּן, hatiten
כִּי־יְשֻׁבוּן, kiy־yšuvun
בָּאָה, ba'ah
לַשֶׁלַג, lašelag
נָוְךָ, nawxa
רִיבוֹֹתָ, riyvwota
וְלֹא־נָתַן, wlo'־natan
קַמְתִּי, qamtiy
כְּעֶבֶד, kʕeved
אָבִין, 'aviyn
תִּשְׁכָּח, tiškaħ
וְיִגְוְעוּ, wyigwʕu
מִטְרוֹֹת, miṭrwot
וְכִימֵי, wxiymey
וַיַחְשְׁבֵנִי, wayaħšveniy
מָצָאנוּ, mat͡sa'nu
מְתֵי־אָוֶן, mtey־'awen
אֲחֵרִין, 'aħeriyn
בִּעֲתֻהוּ, biʕatuhu
צָרִי, t͡sariy
רַגְלוֹֹ, raglwo
וְכַגְּבִנָה, wxagvinah
רוּחַ־הִיא, ruħa־hiy'
יְשַׁלְמֶנָה, yšalmenah
שַׂמְתַּנִי, samtaniy
וְשֹׁלֵחַ, wšoleħa
עֲלֵי־אֹכֶל, ʕaley־'oxel
הִגַּדְתִּי, higadtiy
יַחֲלִיף, yaħaliyf
אִם־יְדַבֵּר, 'im־ydaber
יָרוּץ, yarut͡s
דְרָכָיו, draxayw
מִי־גֶבֶר, miy־gever
עֲרָפֶל, ʕarafel
מַה־מִנִי, mah־miniy
נוֹֹרָא, nwora'
תִכְסֹף, tixsof
וּבַר, uvar
בַּמְרוֹֹמִים, bamrwomiym
אֲלֵהֶם, 'alehem
וּפַחְדּוֹֹ, ufaħdwo
וְהוֹֹד, whwod
וְאָמַרְתָּ, w'amarta
עֲנִיֵי־אָרֶץ, ʕaniyey־'aret͡s
שִׁמְעָה־זֹאת, šimʕah־zo't
כְּיַיִן, kyayin
חִטָה, ħiṭah
עִמָם, ʕimam
נִשְׁאַר־מָעַל, niš'ar־maʕal
הֲלֹא־בַבֶּטֶן, halo'־vabeṭen
בַּצֹאן, bat͡so'n
יַחְשְׁבֵנִי, yaħšveniy
בְּצֶקֶת, bt͡seqet
מְשׁוּגָתִי, mšugatiy
מִידֵי, miydey
יְסֻבָּכוּ, ysubaxu
כִּדְוֵי, kidwey
וּבָשָׂר, uvasar
עַל־מִרְמָה, ʕal־mirmah
הֲכִינוֹֹתָ, haxiynwota
קֹרֵא, qore'
וְעֵינֵיהוּ, wʕeyneyhu
אֲבַדּוֹֹן, 'avadwon
כִּי־שָׁלוֹֹם, kiy־šalwom
מֶנְהוּ, menhu
וּכְפֹר, uxfor
לִישׁוּעָה, liyšuʕah
מִדָּה, midah
מִי־הִקְשָׁה, miy־hiqšah
וְשֹׁכְנֵיהֶם, wšoxneyhem
זָקֵן, zaqen
הוֹֹאִילוּ, hwo'iylu
עָרוֹֹד, ʕarwod
לְבוּשִׁי, lvušiy
לֹא־יְעַוֵּת, lo'־yʕauet
]וַיַעַן, ]wayaʕan
וְכוֹֹכָבִים, wxwoxaviym
בְּתֻמָתֶךָ, btumatexa
וּשְׁמַרְתָּנִי, ušmartaniy
תְּסֹכְכֵנִי, tsoxxeniy
הִתְבֹּנַנְתָּ, hitbonanta
וְכֶרֶם, wxerem
לָאַט, la'aṭ
אֵין־עַל־עָפָר, 'eyn־ʕal־ʕafar
וְאִם־שַׁדַּי, w'im־šaday
מֵעִיר, meʕiyr
אֹהָלִים, 'ohaliym
יִצְפֹּן־לְבָנָיו, yit͡spon־lvanayw
וָמָוֶת, wamawet
תָּלַן, talan
עֹזֵר, ʕozer
וְאַל־יְהִי, w'al־yhiy
יוֹֹם־חֹשֶׁךְ, ywom־ħošex
פִּיו, piyw
תַּחְמֹסוּ, taħmosu
לַקֶבֶר, laqever
יָעִיר, yaʕiyr
בֵּין־שׁוּרֹתָם, beyn־šurotam
מֵעַצְמוֹֹתָי, meʕat͡smwotay
מַה־תִּתֶּן־לוֹֹ, mah־titen־lwo
קְחוּ־לָכֶם, qħu־laxem
תחתו, tħtw
קְרָב, qrav
אֶתֵּן־צֶדֶק, 'eten־t͡sedeq
לְבַדָּם, lvadam
נִזְעָכוּ, nizʕaxu
לֹא־בְעִי, lo'־vʕiy
גְּבֻלוֹֹת, gvulwot
יִגְאָלֻהוּ, yig'aluhu
כְּאֹבוֹֹת, k'ovwot
ואפרחו, w'frħw
וְתַעֲבִיר, wtaʕaviyr
לַלֶחֶם, laleħem
וְיָשִׂישׂ, wyasiys
וְלֹא־נֶכֶד, wlo'־nexed
אֶת־הַדְּבָרִים, 'et־hadvariym
קוֹֹל־נְגִידִים, qwol־ngiydiym
יִפְעַל־אֵל, yifʕal־'el
וְגָבִישׁ, wgaviyš
יִתְגַּבָּרוּ, yitgabaru
עֲמֹד, ʕamod
וְעַל־פְּנֵיכֶם, wʕal־pneyxem
וְאַחֲרָיו, w'aħarayw
כָּרַתִּי, karatiy
וְאֶזְרֹעִי, w'ezroʕiy
מִנִי־אָרֶץ, miniy־'aret͡s
יַרְשִׁיעֵנִי, yaršiyʕeniy
עִם־קִנִי, ʕim־qiniy
דַעַת־רוּחַ, daʕat־ruħa
מֵרֶשַׁע, merešaʕ
יָגוּרוּ, yaguru
וְאֶלֶף־צֶמֶד, w'elef־t͡semed
כְּחֶזְיוֹֹן, kħezywon
יַהֲרוֹֹס, yaharwos
אִם־אֲקַוֶּה, 'im־'aqaueh
הָרְפָאִים, harfa'iym
וְאִם־אֲסוּרִים, w'im־'asuriym
חַדּוּדֵי, ħadudey
עַל־רֵיעֲכֶם, ʕal־reyʕaxem
אֵילִים, 'eyliym
יְצוּעָי, yt͡suʕay
כְּתֶבֶן, kteven
כַּמֶרְקָחָה, kamerqaħah
וְנִבְלֵי, wnivley
מֻצָק, mut͡saq
יָסֵר, yaser
עִם־אֱלֹהִים, ʕim־'elohiym
מְשׂוֹֹשׂ, mswos
נָשְׂאוּ, nas'u
בְּמִדָּה, bmidah
וְשָׂהֲדִי, wsahadiy
יִתְעַנָג, yitʕanag
מִמוּם, mimum
עַל־בְּלִילוֹֹ, ʕal־bliylwo
תִּגַּע, tigaʕ
וּכְשָׂכִיר, uxsaxiyr
נַחֲלָה, naħalah
שַׂעֲרַת, saʕarat
חֲמָתָם, ħamatam
כִּסְלוֹֹ, kislwo
עִם־כַּלְבֵי, ʕim־kalvey
יִינָק, yiynaq
מִי־יָרָה, miy־yarah
קָלוֹֹן, qalwon
בַּפַּשׁ, bapaš
קָטֹן, qaṭon
כִּי־תַשְׂגִּיא, kiy־tasgiy'
[יְכַלוּ], [yxalu]
נְגִינָתָם, ngiynatam
וְאַיוֹֹ, w'aywo
אֶצְדָּק, 'et͡sdaq
אַף־לְזֹאת, 'af־lzo't
גַּלֶיךָ, galeyxa
וַיָשֶׁב, wayašev
[אַתָּה], ['atah]
וּלְכוּ, ulxu
וּלְבֶן־אָדָם, ulven־'adam
אֶת־עֲוֺנִי, 'et־ʕawoniy
חַף, ħaf
לֹא־יָבוֹֹא, lo'־yavwo'
בִּדְבָרִים, bidvariym
וְיָסוּר, wyasur
יֵחָתּוּ, yeħatu
וּבֵרֲכוּ, uveraxu
אֵלִים, 'eliym
הַבָּקָר, habaqar
תָקוּם, taqum
וְהִתְעֹרַרְתִּי, whitʕorartiy
אִם־שׁוֹֹט, 'im־šwoṭ
דָעַת, daʕat
יַחֲלֹף, yaħalof
בְּעַפְעַפֵּי־שָׁחַר, bʕafʕapey־šaħar
וּמַה־נוֹֹעִיל, umah־nwoʕiyl
אַשְׁלִיךְ, 'ašliyx
אָח, 'aħ
יֶחֱזֶה, yeħezeh
שַׂגִּיא־כֹחַ, sagiy'־xoħa
בְּשׂוּמִי, bsumiy
יְצַוֵּם, yt͡sauem
וּרְגָבִים, urgaviym
וְחָפַרְתָּ, wħafarta
וַתִּפֹּל, watipol
לָאֲבַדּוֹֹן, la'avadwon
וַיַעְקְשֵׁנִי, wayaʕqšeniy
בְּחֻבִּי, bħubiy
בְיַד־רָשָׁע, vyad־rašaʕ
הָבוּ, havu
נִכַּר־שׁוֹֹעַ, nikar־šwoʕa
הֶלְאָנִי, hel'aniy
וְצֶאֱצָאַי, wt͡se'et͡sa'ay
לֹא־יָדַעְתִּי, lo'־yadaʕtiy
יִבָשׁוּ, yivašu
יִבְטַח, yivṭaħ
יְשֻׁעָתִי, yšuʕatiy
מַה־יָדַעְתָּ, mah־yadaʕta
יַעֲבוֹֹר, yaʕavwor
וְכִי־תָבִין, wxiy־taviyn
הַאֲזִינוּ, ha'aziynu
וַיָגָז, wayagaz
מַה־טוֹֹב, mah־ṭwov
וָפַחַד, wafaħad
בְּחַכָּה, bħakah
וַיִזְרְקוּ, wayizrqu
מִי־גִלָה, miy־gilah
אָזְלוּ־מַיִם, 'azlu־mayim
לִשְׁלֹשֶׁת, lišlošet
מַה־תְּרִיבֵנִי, mah־triyveniy
דְּבַשׁ, dvaš
וְיִתְרָם, wyitram
הַמַרְגִּיז, hamargiyz
וּבָטַחְתָּ, uvaṭaħta
אֶל־שַׁדַּי, 'el־šaday
תוֹֹכָחוֹֹת, twoxaħwot
וַיְסַפְּרָה, waysaprah
וְאֶמְצָאֵהוּ, w'emt͡sa'ehu
נֵרוֹֹ, nerwo
מִשְׁקָל, mišqal
פְשָׁעֶיךָ, fšaʕeyxa
יַרְשִׁעַ, yaršiʕa
יַכְאִיב, yax'iyv
שׁוֹֹפָר, šwofar
עָרַכְתִּי, ʕaraxtiy
נַחֲלֵי, naħaley
חֳדָשָׁיו, ħadašayw
מִמִשְׁפַּחַת, mimišpaħat
וְעַל־דְּרָכֶיךָ, wʕal־draxeyxa
אִם־יֶהְגֶּה, 'im־yehgeh
וְכִי־יִצְדַּק, wxiy־yit͡sdaq
מְשַׂנְאִי, msan'iy
בְּשֵׁשׁ, bšeš
זִמָה, zimah
לְאֵדוֹֹ, l'edwo
אִם־יַחֲלֹף, 'im־yaħalof
בָּלַע, balaʕ
נָפוּחַ, nafuħa
חַיָה, ħayah
אֶל־מַרְאָיו, 'el־mar'ayw
לַחְמוֹֹ, laħmwo
סְבִיבוֹֹתַי, sviyvwotay
אֲמַלֵא, 'amale'
רָעֵב, raʕev
מֵאָהֳלֶךָ, me'ahalexa
פָּעַלְתָּ, paʕalta
לֹא־יָשׁוּב, lo'־yašuv
גַּם־לִי, gam־liy
אֵינֶנוּ, 'eynenu
יָקוּמוּ, yaqumu
כִּי־עַל־זֶה, kiy־ʕal־zeh
וֶאֱלִיהוּ, we'eliyhu
בַּלַחַץ, balaħat͡s
אֵפוֹֹא, 'efwo'
רָפוֹֹת, rafwot
כַמָטָר, xamaṭar
אִם־תַּמְתִּיק, 'im־tamtiyq
קֵץ, qet͡s
בִּנְתִיבֹתָיו, bintiyvotayw
וְצַדִּיק, wt͡sadiyq
לִשְׁחָקִים, lišħaqiym
יַעֲלֹס, yaʕalos
וַיְכֻנֶנוּ, wayxunenu
בְּיַד־מְרֵעִים, byad־mreʕiym
אֲכָלוֹֹ, 'axalwo
יָנוּחוּ, yanuħu
וְשַׁח, wšaħ
וְיַהַפְכוּ, wyahafxu
לֹא־אֶשָׂא, lo'־'esa'
פְּנֵיהֶם, pneyhem
[חֻקָיו], [ħuqayw]
יְקַוֶּה, yqaueh
אֲכַזֵב, 'axazev
תִּטְבְּלֵנִי, tiṭbleniy
תֶּאֱבָל, te'eval
חַבְלוֹֹ, ħavlwo
הַיְסֻפַּר־לוֹֹ, haysupar־lwo
וְחֹשֶׁךְ, wħošex
יֵצֶר, yet͡ser
בַּמַיִם, bamayim
[יִדַּעְתָּה], [yidaʕtah]
בְעָנְיוֹֹ, vʕanywo
אִם־תָּשׁוּב, 'im־tašuv
אַל־תּוֹֹסַף, 'al־twosaf
לֹא־תַרְפֵּנִי, lo'־tarpeniy
בְּחֶלְבּוֹֹ, bħelbwo
וְכַחֹמֶר, wxaħomer
יֻכַּתּוּ, yukatu
לֹא־יְחַיֶה, lo'־yħayeh
עַל־פָּנֶיךָ, ʕal־paneyxa
לֹא־עָדָה, lo'־ʕadah
וְנֶפֶשׁ, wnefeš
אַךְ־עַתָּה, 'ax־ʕatah
בַּעֲבָדָיו, baʕavadayw
גָּזְלוּ, gazlu
הִתְהַלָכְתָּ, hithalaxta
גֹּאֲלִי, go'aliy
בַּטוֹֹבָה, baṭwovah
וְאֶל־מִצִנִים, w'el־mit͡siniym
לְאָכְלוֹֹ, l'axlwo
וַיַרְשִׁיעוּ, wayaršiyʕu
חֲזִיתֶם, ħaziytem
כִּי־אַיִן, kiy־'ayin
נִמְצָא, nimt͡sa'
כִּי־לִבָּם, kiy־libam
קְרָא־נָא, qra'־na'
הֲנִסָה, hanisah
מְזִמָה, mzimah
מִשְׁכָּב, miškav
הִתְעַתְּדוּ, hitʕatdu
עֲוֺנוֹֹ, ʕawonwo
חַבָּרִים, ħabariym
שָׁלַוְתִּי, šalawtiy
מִנִי־חֹרֶב, miniy־ħorev
אִם־הָלַכְתִּי, 'im־halaxtiy
סערה, sʕrh
רָם, ram
תַעֲנֵנִי, taʕaneniy
אוֹֹסִיף, 'wosiyf
נָחַת, naħat
שֹׁגֵג, šogeg
בְּחַיָי, bħayay
יָרֻץ, yarut͡s
כָּל־אַנְשֵׁי, kal־'anšey
עֲטִישֹׁתָיו, ʕaṭiyšotayw
וְשִׁבְעַת, wšivʕat
וַיְצַו, wayt͡saw
פְּלִילִים, pliyliym
מִשְׁבָרִים, mišvariym
יִנָתֵק, yinateq
יַטְרִיחַ, yaṭriyħa
וְתַחְשְׁבֵנִי, wtaħšveniy
בְאָזְנָי, v'aznay
לֹא־יָקוּם, lo'־yaqum
וְחֶמְאָה, wħem'ah
מִשְׁטָרוֹֹ, mišṭarwo
הֶעָלֶה, heʕaleh
כְּעֵשֶׂב, kʕesev
עוֹֹבְרֵי, ʕwovrey
וְעֹלַלְתִּי, wʕolaltiy
תַּעְתִּיר, taʕtiyr
כִּידוֹֹ, kiydwo
יְגָרַע, ygaraʕ
מִזְרוֹֹעַ, mizrwoʕa
וְלֹא־אֶמְצָא, wlo'־'emt͡sa'
אַךְ־זָרוּ, 'ax־zaru
וְלֹא־יִגַּה, wlo'־yigah
בְּאָזְנֵיכֶם, b'azneyxem
שָׁקוֹֹל, šaqwol
שָׁחֲחוּ, šaħaħu
מְרֹרוֹֹת, mrorwot
יַהֲלֹכוּ, yahaloxu
רוּחַ־אֵל, ruħa־'el
עֲדֵה, ʕadeh
וְכִי, wxiy
וּמֵרוּחַ, umeruħa
אִינָק, 'iynaq
אַבִּיר, 'abiyr
נֶהְפְּכוּ־בִי, nehpxu־viy
רַעַם, raʕam
שִׂים־עָלָיו, siym־ʕalayw
מֵימֵי־שֶׁלֶג, meymey־šeleg
יְתוּר, ytur
[נַפְשׁוֹֹ], [nafšwo]
יִקְצְרֻהוּ, yiqt͡sruhu
מִמְקוֹֹמָם, mimqwomam
מֵאָהֳלוֹֹ, me'ahalwo
כַּתַּר־לִי, katar־liy
לְמוֹֹ־אָרֶב, lmwo־'arev
וּמֵרָחוֹֹק, umeraħwoq
הֲגַם, hagam
וְנֶאֱלָח, wne'elaħ
וֶהֱפִיצֻהוּ, wehefiyt͡suhu
אוֹֹ־מֹשְׁכוֹֹת, 'wo־mošxwot
[וְעַד], [wʕad]
וַיִקְרְעוּ, wayiqrʕu
וְתַעֲזֹב, wtaʕazov
בַּקְדֵשִׁים, baqdešiym
בְּאַנְשֵׁי־אָוֶן, b'anšey־'awen
יְסֻבּוּהוּ, ysubuhu
כִּי־מָאַסְתָּ, kiy־ma'asta
וּמִלִים, umiliym
לַהֲלֹךְ, lahalox
שֶׁאֱלָתִי, še'elatiy
הֲלֹא־הוּא, halo'־hu'
דַע־לָךְ, daʕ־lax
לֹא־תָשׁוּב, lo'־tašuv
חָטְאוּ־לוֹֹ, ħaṭ'u־lwo
אָמוּת, 'amut
כְצָרָיו, xt͡sarayw
יַתֵּר, yater
וְדִין־רָשָׁע, wdiyn־rašaʕ
קֶשֶׁת, qešet
וַיֵשְׁבוּ, wayešvu
בְּרָב־כֹּחַ, brav־koħa
אִם־כֹּחָה, 'im־koħah
רֻתְּחוּ, rutħu
יִרְטֵנִי, yirṭeniy
וּמִשְׂאֵתוֹֹ, umis'etwo
לֹא־יֵצֵא, lo'־yet͡se'
תִּסְפּוֹֹר, tispwor
קִרְיָה, qiryah
שִׂפְקוֹֹ, sifqwo
מַעֲדַנוֹֹת, maʕadanwot
וְכָל־צְעָדַי, wxal־t͡sʕaday
עַל־עֲוֺנִי, ʕal־ʕawoniy
ידעתה, ydʕth
וַיִשְׁתָּחוּ, wayištaħu
תַּחֲרִישׁוּן, taħariyšun
אַל־יָבֹא, 'al־yavo'
חָפַר־אֹכֶל, ħafar־'oxel
לֹא־יָבִין, lo'־yaviyn
אֵזוֹֹר, 'ezwor
בְּיָדִי, byadiy
בִּשְׁאוֹֹל, biš'wol
יִמְחַץ, yimħat͡s
יֶחְכָּמוּ, yeħkamu
[סְעָרָה], [sʕarah]
יַאֲבֶר־נֵץ, ya'aver־net͡s
יַצְהִירוּ, yat͡shiyru
וְנַפְשִׁי, wnafšiy
נִפְתָּלִים, niftaliym
מִסָבִיב, misaviyv
וְלֹא־עֵת, wlo'־ʕet
תְּנַחֲמֵנִי, tnaħameniy
יְגֹעֲשׁוּ, ygoʕašu
וְאֵלֶה, w'eleh
צֶמֶד־בָּקָר, t͡semed־baqar
לִפְנֵי־דָל, lifney־dal
וָאֶהְיֶה, wa'ehyeh
וְסֵפֶר, wsefer
תַּחְתָּיו, taħtayw
תָּדוּץ, tadut͡s
לַטָרֶף, laṭaref
כִּמְטִיל, kimṭiyl
אֶבְחֲרָה, 'evħarah
רָמִים, ramiym
יַצִילֶךָּ, yat͡siyleka
רֹאשׁ־פְּתָנִים, ro'š־ptaniym
עָשָׂתְנִי, ʕasatniy
אִם־לְחֶסֶד, 'im־lħesed
יָשִׂישׂוּ, yasiysu
בְּלֹא־יוֹֹמוֹֹ, blo'־ywomwo
וַיִשְׂטְמֵנִי, wayisṭmeniy
וְחִלוּ, wħilu
אִמְרֵי־פִיו, 'imrey־fiyw
הֲיִכְרֹת, hayixrot
תְּפַלַחְנָה, tfalaħnah
יִגְוַע, yigwaʕ
כַּשַׁחַל, kašaħal
מִי־הוֹֹלִיד, miy־hwoliyd
עֲשִׂיתָנִי, ʕasiytaniy
בַּעֲבִי, baʕaviy
נִטְמִינוּ, niṭmiynu
וְיָבֵשׁ, wyaveš
וּלְרֹכְבוֹֹ, ulroxvwo
וְיִמָנַע, wyimanaʕ
לִבְנֵי, livney
נִצְמָתוּ, nit͡smatu
עַל־אֲבוּסֶךָ, ʕal־'avusexa
וּבוּז־מִשְׁפָּחוֹֹת, uvuz־mišpaħwot
יִכְבְּדוּ, yixbdu
עֲדֵי־נָשֶׁף, ʕadey־našef
שִׁחֲדוּ, šiħadu
תְּדַבֵּרִי, tdaberiy
מָצְאָה, mat͡s'ah
וּכְמֹץ, uxmot͡s
תֵּהָפֵךְ, tehafex
כִּלְיוֹֹתַי, kilywotay
וַיִבְרַח, wayivraħ
יַגִּידוּ, yagiydu
פָּעַלְתִּי, paʕaltiy
הֲלִיכַי, haliyxay
יַעֲבֹר, yaʕavor
אֵין־חֹשֶׁךְ, 'eyn־ħošex
וְעֹרְקַי, wʕorqay
הֵמַר, hemar
וגיש, wgyש
הַכְּאֵב, hak'ev
מִכַּף, mikaf
אֲסָרָם, 'asaram
אֶסָתֵר, 'esater
פָּרָתוֹֹ, paratwo
וַיֹשַׁע, wayošaʕ
חוּשִׁי, ħušiy
בְּמִסְפַּר, bmispar
לֹא־יִרְאֶה, lo'־yir'eh
אִם־יַחְפֹּץ, 'im־yaħpot͡s
עַל־אֶרֶץ, ʕal־'eret͡s
נוֹֹכָח, nwoxaħ
זָחַלְתִּי, zaħaltiy
אִשׁוֹֹ, 'išwo
לֹא־תִרְאֵנִי, lo'־tir'eniy
יִבְלֶה, yivleh
יִקְרָא, yiqra'
תִּכְלֶינָה, tixleynah
תְגַדְּלֶנוּ, tgadlenu
נֵדְעָה, nedʕah
בַּמָרוֹֹם, bamarwom
צֶדֶק, t͡sedeq
מֵעֲנוֹֹת, meʕanwot
אַל־נָא, 'al־na'
עַל־אֱלוֹֹהַ, ʕal־'elwoha
בַּדֶּיךָ, badeyxa
אִם־קָרָאתִי, 'im־qara'tiy
תּוֹֹלֵעָה, twoleʕah
כְּבֶגֶד, kveged
יָדִין, yadiyn
נֹגֵשׂ, noges
יוּכָל, yuxal
טוּבָם, ṭuvam
דֵּעִים, deʕiym
גְדוּדָיו, gdudayw
הֲיֹאבֶה, hayo'veh
חֶזְיוֹֹן, ħezywon
וְרָב־כֹּפֶר, wrav־kofer
וּמְיֻדָּעַי, umyudaʕay
וּפֹתֶה, ufoteh
וְלֹא־חֵקֶר, wlo'־ħeqer
אֶת־עֵינֵיהֶם, 'et־ʕeyneyhem
רָאִיתִי, ra'iytiy
עַל־תְּשֻׁבֹת, ʕal־tšuvot
יָפוֹֹת, yafwot
וְתוֹֹכִיחוּ, wtwoxiyħu
שְׂפָתַיִם, sfatayim
בַּשָׁלוֹֹם, bašalwom
אַחֲרֵי, 'aħarey
תִּסְפֹּר, tispor
יָמֻתוּ, yamutu
וְחַנֹתִי, wħanotiy
יַגְבִּיהַ, yagbiyha
לַחֶרֶס, laħeres
מִבִּינָתִי, mibiynatiy
רֹאָיו, ro'ayw
נֹדֵד, noded
[עֵינָיו], [ʕeynayw]
תָּפֵל, tafel
חֲתֻלָתוֹֹ, ħatulatwo
אֶת־מְקוֹֹמָה, 'et־mqwomah
שַׂגִּיא, sagiy'
בְּאִיוֹֹב, b'iywov
בְּקוֹֹלוֹֹ, bqwolwo
לֹא־נָשָׂא, lo'־nasa'
כּוֹֹשֵׁל, kwošel
וְאוֹֹרוֹֹ, w'worwo
יְעַלְעוּ־דָם, yʕalʕu־dam
לְשַׁדַּי, lšaday
עֲצָתִי, ʕat͡satiy
וְדָבָר, wdavar
מַה־שַׁדַּי, mah־šaday
הֵן־פָּרַשׂ, hen־paras
וָאֵלַךְ, wa'elax
לְבִלְתִּי, lviltiy
וְשִׂים, wsiym
אֲשֶׁר־יִזְלוּ, 'ašer־yizlu
וְעַיִר, wʕayir
לַעִוֵּר, laʕiuer
וְאֶל־אָדָם, w'el־'adam
וַיִוָּלְדוּ, wayiualdu
שָׁמַרְתִּי, šamartiy
אֵת, 'et
וַיִוָּעֲדוּ, wayiuaʕadu
מַה־תִּפְעָל־בּוֹֹ, mah־tifʕal־bwo
בָּאוּ, ba'u
וּבִצָה, uvit͡sah
כְעַוָּל, xʕaual
בְמַפְגִּיעַ, vmafgiyʕa
חֹלֵל, ħolel
מֵאֲדֹנָיו, me'adonayw
נֵר־רְשָׁעִים, ner־ršaʕiym
חֲזָקִים, ħazaqiym
לַהַב, lahav
נֹאֵף, no'ef
אֲבִיהֶם, 'aviyhem
הַסְכֶּן־נָא, hasken־na'
הֶעֱוֵיתִי, heʕeweytiy
קִנוֹֹ, qinwo
יַחֲרִישׁו, yaħariyšw
לָהֶן, lahen
וְיַעֲבֹר, wyaʕavor
יוֹֹכִחֶנוּ, ywoxiħenu
אוּכָל, 'uxal
כִּי־יָדַע, kiy־yadaʕ
כִּי־אֶל־אֵל, kiy־'el־'el
בְּפָנַי, bfanay
דֵּעוֹֹת, deʕwot
כַּעַשְׂךָ, kaʕasxa
גְּדֵלַנִי, gdelaniy
וַיִפְשְׁטוּ, wayifšṭu
מִשְׁנָתָם, mišnatam
צְבָאִי, t͡sva'iy
וְאַחֲוָתִי, w'aħawatiy
דִּבְּרָה, dibrah
הִקְדִּימַנִי, hiqdiymaniy
אֹכֶל, 'oxel
יְבוֹֹאֶנוּ, yvwo'enu
יִנְאָקוּ, yin'aqu
פְּלִילִי, pliyliy
נְתִיבוֹֹת, ntiyvwot
וַיִשְׁכּוֹֹן, wayiškwon
וּמַיִם, umayim
וְאֵשֵׁב, w'ešev
יְדַבֵּר, ydaber
רוּחוֹֹ, ruħwo
גָדַר, gadar
פַּלְגֵי־שָׁמֶן, palgey־šamen
חָסֶד, ħased
מֵפֵר, mefer
מַשְׂכִּיל, maskiyl
חָלֶד, ħaled
וְתִקְשְׁרֶנוּ, wtiqšrenu
וְאֵתָנִים, w'etaniym
וְאֵיד, w'eyd
כִּי־כָל־עוֹֹד, kiy־xal־ʕwod
יְקָבִים, yqaviym
פָּקַח, paqaħ
וְהִרְבָּה, whirbah
יַגֵּשׁ, yageš
יָשֵׁת, yašet
וַיָמָת, wayamat
וְיִשְׂחַק, wyisħaq
וְכִנוֹֹר, wxinwor
יִקָפְצוּן, yiqaft͡sun
לֹא־יָדַע־אֵל, lo'־yadaʕ־'el
לֹא־יִפָּתֵחַ, lo'־yipateħa
וַהֲדֹךְ, wahadox
בַּבִּינָה, babiynah
פַּרְשֵׁז, paršez
שׁוֹֹאָה, šwo'ah
עִוְּתָנִי, ʕiutaniy
בְרִיתֶךָ, vriytexa
מִי־יִתְּנֵנִי, miy־yitneniy
בָּנוּ, banu
אִישׁ־שֹׁתֶה, 'iyš־šoteh
מִי־שָׁת, miy־šat
בְּאַפִּי, b'apiy
תִשְׂבָּעוּ, tisbaʕu
מַחֲרִיד, maħariyd
כָל־עַצְבֹתָי, xal־ʕat͡svotay
תַעֲנֶה, taʕaneh
אֶת־שבית, 'et־שvyt
סְפָקָם, sfaqam
וִיצֻרַי, wiyt͡suray
אֲשֶׁר־קֻמְטוּ, 'ašer־qumṭu
וַיִשְׁלָם, wayišlam
וּפְנֵי, ufney
יַטוּ, yaṭu
אָבוֹֹא, 'avwo'
עֹלוֹֹת, ʕolwot
רְנָנָה, rnanah
גֵּר, ger
תִּשְׁכּוֹֹן, tiškwon
אֶשָׂאֶנוּ, 'esa'enu
אֶבְיוֹֹנִים, 'evywoniym
דָּגִים, dagiym
וְלֹא־יַכִּירֶנוּ, wlo'־yakiyrenu
כִּסְלִי, kisliy
כֹפֶר, xofer
וְלֹא־תִירָא, wlo'־tiyra'
וְעֹדֶנוּ, wʕodenu
נְתִיבוֹֹתַי, ntiyvwotay
פִּתִּי, pitiy
בִרְכָּיִם, virkayim
וְלֹא־דָמוּ, wlo'־damu
וּזְרוֹֹעַ, uzrwoʕa
בְנֵיהֶם, vneyhem
חֲסִידָה, ħasiydah
מָגִנִים, maginiym
נִטְפֵי־מָיִם, niṭfey־mayim
בֵּין, beyn
לֹא־אָסִיר, lo'־'asiyr
לְבַדּוֹֹ, lvadwo
כָּכָה, kaxah
הַבְסוֹֹד, havswod
בִּתְנוּמוֹֹת, bitnumwot
וְכָל־יְקָר, wxal־yqar
עַל־חַטָאתִי, ʕal־ħaṭa'tiy
וְאֶל־עָפָר, w'el־ʕafar
וּפֹא־יָשִׁית, ufo'־yašiyt
יָבֵשׁ, yaveš
אֶעֱרוֹֹץ, 'eʕerwot͡s
וְאֶלֶף, w'elef
גַּאֲוָה, ga'awah
תִּקְוָתְךָ, tiqwatxa
אֲשֶׁר־חֲכָמִים, 'ašer־ħaxamiym
עַד־פֹּה, ʕad־poh
סֵתֶר־לוֹֹ, seter־lwo
אֹהֶל, 'ohel
וְיִשְׁמָעֶךָּ, wyišmaʕeka
הֲיַרְבֶּה, hayarbeh
עַל־שַׁדַּי, ʕal־šaday
מֵרֵיחַ, mereyħa
הֲשִׁמוֹֹתָ, hašimwota
וּדְבָרָיו, udvarayw
כנפו, xnfw
פֶּן־יְסִיתְךָ, pen־ysiytxa
מַחֲנָק, maħanaq
הַבְעַד, havʕad
כְּגֶלֲלוֹֹ, kgelalwo
כִלְיֹתַי, xilyotay
תְשַׁכֵּל, tšakel
מִבַּהֲמוֹֹת, mibahamwot
וִיסַפְּרוּ, wiysapru
אֲלֵיהֶם, 'aleyhem
נִכְּאוּ, nik'u
נַחְרוֹֹ, naħrwo
עֹמֶר, ʕomer
תִּכֵּן, tiken
לְמַעֲשֵׂה, lmaʕaseh
וּמַה־יִזְכֶּה, umah־yizkeh
בִּקְצִירִי, biqt͡siyriy
מַה־נֹאמַר, mah־no'mar
חַמָה, ħamah
וַיִתְּנוּ־לוֹֹ, wayitnu־lwo
סְדָרִים, sdariym
עֹשֶׂה־עָשׁ, ʕoseh־ʕaš
מִשְׁתֶּה, mišteh
וְתוֹֹרִישֵׁנִי, wtworiyšeniy
שְׁאֹל, š'ol
כָּל־אָרְחוֹֹתָי, kal־'arħwotay
דָבֵקוּ, davequ
כְאָדָם, x'adam
רֻטֲפַשׁ, ruṭafaš
וְלֹא־יֵעֹרוּ, wlo'־yeʕoru
עוֹֹנֶה, ʕwoneh
וְשָׁרְשֵׁי, wšaršey
הֵבִיא, heviy'
רִקָבוֹֹן, riqavwon
אַרְפֶּהָ, 'arpeha
לְגַבֵּי־חֹמֶר, lgabey־ħomer
כִּי־יָגִיחַ, kiy־yagiyħa
אֶחְפָּץ, 'eħpat͡s
תַּנְחֻמוֹֹת, tanħumwot
אֶשְׁכָּב, 'eškav
תַּרְקִיעַ, tarqiyʕa
יִטְהַר־גָּבֶר, yiṭhar־gaver
תוֹֹתָח, twotaħ
מְתֵי־שָׁוְא, mtey־šaw'
אֶל־אֹצְרוֹֹת, 'el־'ot͡srwot
אִם־אֶבְרָה, 'im־'evrah
מוֹֹשָׁבִי, mwošaviy
כִּי־הִשְׁפִּילוּ, kiy־hišpiylu
שׁוֹֹדֵד, šwoded
כִּי־עֵינָיו, kiy־ʕeynayw
וַתִּקְרַב, watiqrav
וְאַכְפִּי, w'axpiy
[וְהַוָּתִי], [whauatiy]
בַּקָרָה, baqarah
אִם־אָמַר, 'im־'amar
לָדַעַת, ladaʕat
וְאַמְהֹתַי, w'amhotay
אֲנַחְנוּ, 'anaħnu
לֹא־הִדְרִיכֻהוּ, lo'־hidriyxuhu
אֶל־עַצְמוֹֹ, 'el־ʕat͡smwo
אֹרְרֵי־יוֹֹם, 'orrey־ywom
נְבָלָה, nvalah
יִתְפַלָצוּן, yitfalat͡sun
לְאַכְזָר, l'axzar
וְקָרְאוּ, wqar'u
כַּצִפּוֹֹר, kat͡sipwor
וּבְקוֹֹל, uvqwol
הַאֹרַח, ha'oraħ
בְּרֹגֶז, brogez
בְּרַגְלָיו, braglayw
זְקֵנִים, zqeniym
אַל־תִּשְׁלַח, 'al־tišlaħ
הַשְׁלִישִׁית, hašliyšiyt
תַּצְפִּנֵנִי, tat͡spineniy
וְתִעֲבוּנִי, wtiʕavuniy
אֶדְרֹשׁ, 'edroš
כִּסָה־אֹפֶל, kisah־'ofel
וּבְנֹתָיו, uvnotayw
עוּף, ʕuf
מְכַלֶה, mxaleh
נִשְׁפּוֹֹ, nišpwo
בְּנֵי־נָבָל, bney־naval
וּלְכָפָן, ulxafan
הִשְׂכִּילוּ, hiskiylu
לֹא־אָשׁוּב, lo'־'ašuv
לַנְעָרִים, lanʕariym
יֹאחֲזוּנִי, yo'ħazuniy
אַל־יִחַדְּ, 'al־yiħad
וּבִשְׁלֹשֶׁת, uvišlošet
אַךְ־שְׁתַּיִם, 'ax־štayim
חֶרְפָּתִּי, ħerpatiy
רִפָּה, ripah
בַמְעוֹֹנוֹֹת, vamʕwonwot
מְגַלֶה, mgaleh
אוֹֹכִיחַ, 'woxiyħa
אֶתְחַנָן, 'etħanan
וְטַל, wṭal
לְפַחַד, lfaħad
הוֹֹשַׁעְתָּ, hwošaʕta
יִשָׂא, yisa'
וְלֹא־עוֹֹד, wlo'־ʕwod
וּבַטֻחוֹֹת, uvaṭuħwot
כָּאַרְבֶּה, ka'arbeh
יְמַשְׁשׁוּ־חֹשֶׁךְ, ymaššu־ħošex
יְרַקֵדוּן, yraqedun
וְאַחֲרוֹֹן, w'aħarwon
וַיֶחְפָּרוּ, wayeħparu
רִגְבֵי, rigvey
מוּצָק, mut͡saq
לַאֲשֶׁר, la'ašer
עַל־נְדִיבִים, ʕal־ndiyviym
יִפְרֹשׂ, yifros
חִכִּי, ħikiy
וַיַעֲמֵד, wayaʕamed
בַּנְעִימִים, banʕiymiym
אִם־אֲכַזֵב, 'im־'axazev
יִתֶּן־קָרַח, yiten־qaraħ
כִּי־אֲמַלֵט, kiy־'amaleṭ
תַּשִׂיגֵהוּ, tasiygehu
מִי־יְסַפֵּר, miy־ysaper
הֱיִיתֶם, heyiytem
וּקְרָא, uqra'
וַיְקִאֶנוּ, wayqi'enu
חָרַק, ħaraq
וְאֶשְׁאָלְךָ, w'eš'alxa
לְיָדִי, lyadiy
לְמִשְׁנֶה, lmišneh
עַד־בּוֹֹא, ʕad־bwo'
אֶל־פָּנָיו, 'el־panayw
יִרְאַת, yir'at
יִשְׁאַג־קוֹֹל, yiš'ag־qwol
מִשָׂכֶל, misaxel
כִּי־נַעַבְדֶנוּ, kiy־naʕavdenu
עֲלֵי־טִיט, ʕaley־ṭiyṭ
לְרִיק, lriyq
אַף־אַתָּה, 'af־'atah
זִכְרֹנֵיכֶם, zixroneyxem
וַאֲמָתִי, wa'amatiy
לִרְאוֹֹת, lir'wot
שֹׁטֵחַ, šoṭeħa
פַּלָצוּת, palat͡sut
לְנַעֲרוֹֹתֶיךָ, lnaʕarwoteyxa
וַתֹּפַע, watofaʕ
תַּמְרִיא, tamriy'
יִפְרְצֵנִי, yifrt͡seniy
בַּסֵפֶר, basefer
לֹכֵד, loxed
וַתְּאַשְׁרֵנִי, wat'ašreniy
תְּנוּאוֹֹת, tnu'wot
וְתָשֵׂם, wtasem
וְאַף, w'af
יָטוּשׂ, yaṭus
יִשָׂאֵנִי, yisa'eniy
יִשְׂאוּ־יָחַד, yis'u־yaħad
צַוָּארוֹֹ, t͡saua'rwo
עַד־אֲבַדּוֹֹן, ʕad־'avadwon
בְּכֹחַ, bxoħa
כָּאֶבֶן, ka'even
לְאַחֵר, l'aħer
שׁוֹֹר, šwor
וּמָנוֹֹס, umanwos
הַחֲרִישׁוּ, haħariyšu
נֹאָשׁ, no'aš
יִלְבְּשׁוּ־בֹשֶׁת, yilbšu־vošet
אַחֲרֹנִים, 'aħaroniym
בַּצוּרוֹֹת, bat͡surwot
הִלַכְתִּי, hilaxtiy
וְצֶאֱצָאֵיהֶם, wt͡se'et͡sa'eyhem
שִׂחִי, siħiy
כִּי־מְצָאוֹֹ, kiy־mt͡sa'wo
בְּעָרְמָם, bʕarmam
וִישִׁישִׁים, wiyšiyšiym
צִדְקִי, t͡sidqiy
כְּמוֹֹ־נָטַע, kmwo־naṭaʕ
עַד־שַׁדַּי, ʕad־šaday
אַשְׁפָּה, 'ašpah
רָב, rav
חַלָמוּת, ħalamut
אָזִין, 'aziyn
סֻכָּתוֹֹ, sukatwo
עֲצָתוֹֹ, ʕat͡satwo
לֹא־יָלִין, lo'־yaliyn
וְעָלֶיהָ, wʕaleyha
נִכְחָדוֹֹת, nixħadwot
פַחִים, faħiym
אֵדָע, 'edaʕ
וַחֲצוֹֹת, waħat͡swot
שָׁמָה, šamah
מַה־יִסְכָּן־לָךְ, mah־yiskan־lax
וְרָשָׁע, wrašaʕ
תִּמְנַע־לָחֶם, timnaʕ־laħem
שָׁקַטְתִּי, šaqaṭtiy
וְחַדְרֵי, wħadrey
וְיִתְמְהוּ, wyitmhu
מַה־מִיָדְךָ, mah־miyadxa
קֹדֵר, qoder
יִשְׁכָּבוּ, yiškavu
בְשֻׂכּוֹֹת, vsukwot
וְכָהֵנָה, wxahenah
קְבָרִים, qvariym
אֶל־רוּחַ, 'el־ruħa
תֵמָן, teman
לֹא־הָיִיתִי, lo'־hayiytiy
כָּל־יַד, kal־yad
וְעַל־שְׂבָכָה, wʕal־svaxah
כָּל־יָרוֹֹק, kal־yarwoq
אֶת־הַטוֹֹב, 'et־haṭwov
יַמְצִאֶנוּ, yamt͡si'enu
הֲפָנָיו, hafanayw
הִתְיַצָבָה, hityat͡savah
תַּרְשִׁיעַ, taršiyʕa
עֲוִילֵיהֶם, ʕawiyleyhem
וּמִשִׁנָיו, umišinayw
תַּהְכְּרוּ־לִי, tahkru־liy
מִפְלְאוֹֹת, mifl'wot
וְאֹכַל, w'oxal
יַזְעִיקוּ, yazʕiyqu
יִרְעֲפוּ, yirʕafu
יִתְפַּלֵל, yitpalel
לִדְתָּנָה, lidtanah
יַשְׁלִים, yašliym
הַעֹרְקִים, haʕorqiym
שְׁבִיב, šviyv
וְנִפְלָאוֹֹת, wnifla'wot
מַה־יָעַצְתָּ, mah־yaʕat͡sta
יְשִׁישִׁים, yšiyšiym
מָתְקוּ־לוֹֹ, matqu־lwo
לַעֲלוֹֹת, laʕalwot
יַרְשִׁיעֲךָ, yaršiyʕaxa
וּמוּסַר, umusar
שׁוֹֹרוֹֹ, šworwo
לַכִּידוֹֹר, lakiydwor
מֵרְשָׁעִים, meršaʕiym
וּבְחֵקֶר, uvħeqer
גְּדוֹֹלָה, gdwolah
תְּבוּנָה, tvunah
תֵּחָבֵא, teħave'
אֵדְעָה, 'edʕah
קַח־נָא, qaħ־na'
וְשָׁאַף, wša'af
יִתְעַלֶם־שָׁלֶג, yitʕalem־šaleg
יַעֲמוֹֹד, yaʕamwod
אִם־יֶשׁ־טַעַם, 'im־yeš־ṭaʕam
כְּחֵיל, kħeyl
תְּבוֹֹאַתְךָ, tvwo'atxa
וְעִמָכֶם, wʕimaxem
וּבְצִלְצַל, uvt͡silt͡sal
בְּכוֹֹר, bxwor
יִצְמָחוּ, yit͡smaħu
שָׁלוֹֹשׁ, šalwoš
חוֹֹחַ, ħwoħa
וַיִפְתְּ, wayift
בַּחוּץ, baħut͡s
תַּשְׁקִיעַ, tašqiyʕa
וּמֵאֲדָמָה, ume'adamah
יַכְבִּר, yaxbir
אֶפְעַל, 'efʕal
תִּרְפֶּינָה, tirpeynah
מְלָכִים, mlaxiym
הֵבִין, heviyn
בָכִיתִי, vaxiytiy
מַסָע, masaʕ
וְעַל־עָנִי, wʕal־ʕaniy
וּמַה־קִצִי, umah־qit͡siy
וְיֹדְעַי, wyodʕay
וְלֹא־יָבִין, wlo'־yaviyn
יְגִיעֶךָ, ygiyʕexa
הַאֱנוֹֹשׁ, ha'enwoš
לֹא־אַכְזָר, lo'־'axzar
יִתְרָם, yitram
עָשָׂהוּ, ʕasahu
[יָדַעְתִּי], [yadaʕtiy]
מְקוֹֹמוֹֹ, mqwomwo
כִּי־תָבוֹֹא, kiy־tavwo'
הִפָּחְתִּי, hipaħtiy
תִּשְׁמָע, tišmaʕ
וידו, wydw
כִּבְנוֹֹת, kivnwot
לַשֶׁטֶף, lašeṭef
וַיִגַּע, wayigaʕ
נִפְגַּע־בּוֹֹ, nifgaʕ־bwo
וַיִבְכּוּ, wayivku
אַל־יַטֶךָּ, 'al־yaṭeka
תְּבַעֵת, tvaʕet
גַּם־יָשִׁישׁ, gam־yašiyš
עַל־שְׁנֵינוּ, ʕal־šneynu
קְרָאַנִי, qra'aniy
וַיְאַבְּדֵם, way'abdem
מְרִי, mriy
תָּהֳלָה, tahalah
תְּלָמֶיהָ, tlameyha
יְגַלוּ, ygalu
עִם־חֹשֶׁךְ, ʕim־ħošex
כִּי־ישוב, kiy־yשwv
וְיֹאֵל, wyo'el
עֲוֺנִי, ʕawoniy
וְעוֹֹף, wʕwof
יִפְצֶה־פִּיהוּ, yift͡seh־piyhu
יִתְחַמָם, yitħamam
יִקָבֵרוּ, yiqaveru
מַלְבּוּשׁ, malbuš
וְעָשָׂה, wʕasah
וּבְמֹסָרָם, uvmosaram
אִם־חִכִּי, 'im־ħikiy
עִם־פֹּעֲלֵי, ʕim־poʕaley
כִּי־תָשִׁיב, kiy־tašiyv
אַל־תְּהִי, 'al־thiy
יַעֲנוּ־בָךְ, yaʕanu־vax
עַד־יְמַלֵה, ʕad־ymaleh
חָלְפוּ, ħalfu
לֹא־נִצְפְּנוּ, lo'־nit͡spnu
וּמֵחֲמַת, umeħamat
לַעֲוֺנֹתֶיךָ, laʕawonoteyxa
וְאֶל־מִי, w'el־miy
לֶעָפָר, leʕafar
לַעֲשׂוֹֹת, laʕaswot
נְעָרִים, nʕariym
מִן־הַחֶדֶר, min־haħeder
הִנֵה־בַשָׁמַיִם, hineh־vašamayim
וְשֵׁשֶׁת, wšešet
יִסְגֹּר, yisgor
וְיֶרֶב, wyerev
בְאִבּוֹֹ, v'ibwo
הוֹֹדָעְתָּ, hwodaʕta
אֶת־יוֹֹמוֹֹ, 'et־ywomwo
כִּי־זֹאת, kiy־zo't
שַׁלְאֲנַן, šal'anan
וְהָפַךְ, whafax
וְלֹא־אוֹֹר, wlo'־'wor
לִפְנֵיהֶם, lifneyhem
כִּי־כַחֹמֶר, kiy־xaħomer
יְלַקֵשׁוּ, ylaqešu
הֶן־כֹּל, hen־kol
מִן־גֵּו, min־gew
וְתָשֹׁב, wtašov
תָבִיא, taviy'
כְמוֹֹ־אֵל, xmwo־'el
יִחְיוּ, yiħyu
בְּתֹכָם, btoxam
יִשְׂגֶּה־אָחוּ, yisgeh־'aħu
בִּלְחוּמוֹֹ, bilħumwo
מִלֵלוּ, milelu
עַל־כַּנְפוֹֹת, ʕal־kanfwot
בְּגִיחוֹֹ, bgiyħwo
בְּלִי־דָעַת, bliy־daʕat
בִּתְרוּעָה, bitruʕah
כִּי־אֹזֶן, kiy־'ozen
לֶאֱחֹז, le'eħoz
שַׂלְמוֹֹתָי, salmwotay
וְיֹעֲצֵי, wyoʕat͡sey
מֵאֱלוֹֹהַ, me'elwoha
בַּלָיְלָה, balaylah
כְּפֶלַח, kfelaħ
בִּרְחֹץ, birħot͡s
לְהַמְטִיר, lhamṭiyr
וְתַצְעִדֵהוּ, wtat͡sʕidehu
הֲלֹא־אֱלוֹֹהַ, halo'־'elwoha
חֲלִיפָתִי, ħaliyfatiy
חֲדַל, ħadal
תֵצֵא, tet͡se'
קִוִּיתִי, qiuiytiy
[וַיִרְאֶה], [wayir'eh]
עִם־אֳנִיוֹֹת, ʕim־'aniywot
עֻזוֹֹ, ʕuzwo
הַעֵינֵי, haʕeyney
צָעִיר, t͡saʕiyr
יַחְפְּרוּ, yaħpru
וּבְחוֹֹחַ, uvħwoħa
וְאֹרֶךְ, w'orex
מִצַדִּיק, mit͡sadiyq
יְגִיעָה, ygiyʕah
מִיָדוֹֹ, miyadwo
מִקְנֵהוּ, miqnehu
תִשְׁכֹּן, tiškon
רוֹֹמוּ, rwomu
ובתובנתו, wvtwvntw
אֶחְקְרֵהוּ, 'eħqrehu
אוּלַי, 'ulay
יְסֻפָּחוּ, ysupaħu
בְּעֵת, bʕet
עָרֹם, ʕarom
חקו, ħqw
כַחֲשִׁי, xaħašiy
תוֹֹסִיף, twosiyf
עָיֵף, ʕayef
וְיֹדְעִים, wyodʕiym
[הַסְעָרָה], [hasʕarah]
וּמַה־שֵׁמֶץ, umah־šemet͡s
מֵחוֹֹל, meħwol
עָרִים, ʕariym
אַל־תָּבֹא, 'al־tavo'
מְחִירָה, mħiyrah
לִטְמוֹֹן, liṭmwon
רֹאִים, ro'iym
תְּשִׂימוּן, tsiymun
וְגֵוָה, wgewah
יִנְהָקוּ, yinhaqu
בֵרֲכוּנִי, veraxuniy
וְשָׂבַעְתִּי, wsavaʕtiy
בַקָהָל, vaqahal
וַיִכְלוּ, wayixlu
וְלֹא־שֵׁם, wlo'־šem
יַעַזְבֶנָה, yaʕazvenah
כָּבְדָה, kavdah
וְיָם, wyam
וְכִימָה, wxiymah
וְאֵיךְ, w'eyx
[יִקְצוֹֹרוּ], [yiqt͡sworu]
אִם־תְּדַבֵּרְנָה, 'im־tdabernah
[יָצָאתִי], [yat͡sa'tiy]
מִתְקוֹֹמָמָה, mitqwomamah
יַאֲהִיל, ya'ahiyl
יִשְׁמֹר, yišmor
כִּסָה־אוֹֹר, kisah־'wor
וְאֵמָתוֹֹ, w'ematwo
יַחֲזֵק, yaħazeq
וְתִשְׁמוֹֹר, wtišmwor
יִכְבָּד, yixbad
שַׁאֲנָן, ša'anan
עַל־זֹאת, ʕal־zo't
מִי־שָׂם, miy־sam
וְעֻגָבִי, wʕugaviy
יָפִיץ, yafiyt͡s
עֲטִינָיו, ʕaṭiynayw
לְאִישׁ־כָּמוֹֹךָ, l'iyš־kamwoxa
לְלֹא־לָה, llo'־lah
יְקִימוּן, yqiymun
לָאֹרַח, la'oraħ
קוֹֹלוֹֹ, qwolwo
לֹא־יָשִׁיב, lo'־yašiyv
מְעִלוֹֹ, mʕilwo
יִתֶּן־אֹכֶל, yiten־'oxel
וַיִמָאֵס, wayima'es
עַל־שִׁכְמִי, ʕal־šixmiy
בִּקֵעַ, biqeʕa
עֹדְךָ, ʕodxa
אַף־עַל־יָתוֹֹם, 'af־ʕal־yatwom
וְעֶבֶד, wʕeved
לְחֵלֶק, lħeleq
מִמְרֹמִים, mimromiym
מֵעָוֶל, meʕawel
פִּימָה, piymah
רֹפְאֵי, rof'ey
וַיַרְא־אָוֶן, wayar'־'awen
שׁוּב, šuv
הֵרַךְ, herax
פֹעַל, foʕal
הַשָׁמָיְמָה, hašamaymah
מַלְאָךְ, mal'ax
יְשֻׁקֶה, yšuqeh
רוּחֶךָ, ruħexa
בִפְלַגּוֹֹת, viflagwot
הַקְשִׁיבוּ, haqšiyvu
וְלֹא־נִבְקַע, wlo'־nivqaʕ
עַמוּדֵי, ʕamudey
נִמְצָא־בִי, nimt͡sa'־viy
לְשֹׁדְדִים, lšoddiym
אִם־שָׁכַבְתִּי, 'im־šaxavtiy
רַבָּיו, rabayw
אִם־יָלִין, 'im־yaliyn
תַּסְתִּירֵנִי, tastiyreniy
לְמַרְגִּיזֵי, lmargiyzey
וּמֵעֲוֺנִי, umeʕawoniy
אִם־אַצְדִּיק, 'im־'at͡sdiyq
תָּמוּת, tamut
חָתַר, ħatar
נָחָשׁ, naħaš
מִיָמָי, miyamay
דְּגֵי, dgey
וַתֵּלֶא, watele'
יָגָע, yagaʕ
מִלֶיךָ, mileyxa
לֹא־יִפְנֶה, lo'־yifneh
אִם־בְּפִידוֹֹ, 'im־bfiydwo
לֶחֱיוֹֹ, leħeywo
לֹא־תִשָׂא, lo'־tisa'
וְשֹׁפְטִים, wšofṭiym
כְּדַעְתְּכֶם, kdaʕtxem
צָרוֹֹת, t͡sarwot
כְּמוֹֹ־נָגִיד, kmwo־nagiyd
קֹרַצְתִּי, qorat͡stiy
לָאִישׁ, la'iyš
מִשָׁם, mišam
נָכְרִי, naxriy
לֹא־חֵקֶר, lo'־ħeqer
כִּי־בְאַחַת, kiy־v'aħat
הַתְשַׁלַח, hatšalaħ
בְלִי־כָסֶף, vliy־xasef
מִמְרֹרָתוֹֹ, mimroratwo
תְּפַתֵּחַ, tfateħa
יְגֻנָב, ygunav
אֵבֶה, 'eveh
כְרָשָׁע, xrašaʕ
הַשְׂמֵחִים, hasmeħiym
אֲכַחֵד, 'axaħed
אַחְבִּירָה, 'aħbiyrah
וְכַף, wxaf
קוֹֹלֶךָ, qwolexa
יִלָכְדוּן, yilaxdun
אֶצְעַק, 'et͡sʕaq
וּרְעֵבִים, urʕeviym
מִרְמָה, mirmah
בְּשֹׁהַם, bšoham
רָאמוֹֹת, ra'mwot
רָאָתְךָ, ra'atxa
אִם־לְכֹחַ, 'im־lxoħa
פְּנוּ־אֵלַי, pnu־'elay
לֹא־יִשְׁמַע, lo'־yišmaʕ
יְמִימָה, ymiymah
וּבַנְעָרִים, uvanʕariym
עֲקָרָה, ʕaqarah
חִכָּה, ħikah
בְּכָל־אֵלֶה, bxal־'eleh
יְלָדוֹֹ, yladwo
יִסְפּוֹֹר, yispwor
כִי־כֵן, xiy־xen
יְרֵאוּהוּ, yre'uhu
וצפו, wt͡sfw
שָׁמַעְתִּי, šamaʕtiy
יִתְחַבָּאוּ, yitħaba'u
תְּצוּדֵנִי, tt͡sudeniy
אָכַלְתִּי, 'axaltiy
כִּי־יִשָׁמַע, kiy־yišamaʕ
עָיִט, ʕayiṭ
אֲחֵרִים, 'aħeriym
וּמִתְקוֹֹמְמִי, umitqwommiy
שֹׁתָה, šotah
מִמָוֶת, mimawet
וַתָּבֹא, watavo'
כִּי־אַאֲרִיךְ, kiy־'a'ariyx
חֻצָצוּ, ħut͡sat͡su
אַל־תַּרְשִׁיעֵנִי, 'al־taršiyʕeniy
נִצָתוֹֹ, nit͡satwo
קִנְצֵי, qint͡sey
אֹיְבִי, 'oyviy
עֲצַת, ʕat͡sat
יֶעְתַּק, yeʕtaq
תּוֹֹגְיוּן, twogyun
וְלָמָה־זֶה, wlamah־zeh
שָׁמַעְנוּ, šamaʕnu
כִּי־נָכוֹֹן, kiy־naxwon
וַיִתְּכוּ, wayitxu
וְיֶחְבָּשׁ, wyeħbaš
פָּקַחְתָּ, paqaħta
יְגַמֶא־אָרֶץ, ygame'־'aret͡s
תִּלְאֶה, til'eh
וַיָסַר, wayasar
הִתְגַּלְגָּלוּ, hitgalgalu
יַעְטֹף, yaʕṭof
לְחָכְמָה, lħaxmah
יִמָלוּ, yimalu
עִם־גָּבֶר, ʕim־gaver
יִשְׁקְלֵנִי, yišqleniy
פָּקַד, paqad
וַאֲשַׁלֵם, wa'ašalem
וְאֶשְׁכּוֹֹן, w'eškwon
וְהִצִגַנִי, whit͡siganiy
חֵילָם, ħeylam
יִפֹּל, yipol
צִדְקָתֶךָ, t͡sidqatexa
תַּהַרְגֵהוּ, tahargehu
אֵיפֹה, 'eyfoh
אֲקָרֲבֶנוּ, 'aqaravenu
לְזָר, lzar
יִזְרָח, yizraħ
בַּעֲרוּץ, baʕarut͡s
מִבְטַחִי, mivṭaħiy
אִם־כְּהָתֵל, 'im־khatel
וְאֹתֹתָם, w'ototam
עֲבֹתוֹֹ, ʕavotwo
וְשָׁמַיִם, wšamayim
כִּי־רָמוּ, kiy־ramu
יַעֲשֹׁק, yaʕašoq
כִּי־יָשֹׁחוּ, kiy־yašoħu
[וְאֶפְרֹחָיו], [w'efroħayw]
קַרְנִי, qarniy
כְּמוֹֹכֶם, kmwoxem
תְּשַׁחֵר, tšaħer
יִסְכּוֹֹן, yiskwon
כִּי־אֱלוֹֹהַ, kiy־'elwoha
לֹא־יֵשְׁבוּ, lo'־yešvu
גַּם־עֲוִילִים, gam־ʕawiyliym
וְכַלַיְלָה, wxalaylah
קְרוֹֹבָי, qrwovay
וּמַה־יִפְעַל, umah־yifʕal
בְּכַנְפוֹֹת, bxanfwot
יוֹֹרִשֶׁנוּ, yworišenu
יִבְכָּיוּן, yivkayun
וּמַה־יָדַעְתָּ, umah־yadaʕta
לְמַשָׂא, lmasa'
תֶּהְבָּלוּ, tehbalu
יִשְׁקוֹֹד, yišqwod
אִם־צָדַקְתִּי, 'im־t͡sadaqtiy
צָדַקְתִּי, t͡sadaqtiy
הַאִם, ha'im
וּדְלָתָיִם, udlatayim
מַחְשִׁיךְ, maħšiyx
וּשְׂבַע, usvaʕ
כִּסָה, kisah
פָּדְךָ, padxa
הַבַּיִת, habayit
לַחֲטֹא, laħaṭo'
מֵאָה, me'ah
חַיִים, ħayiym
יַחֲבוֹֹשׁ, yaħavwoš
עָצְרוּ, ʕat͡sru
עָשְׂתָה, ʕastah
תְּבִינֵם, tviynem
עַל־פְּנֵי־חוּץ, ʕal־pney־ħut͡s
קִדְּמוּנִי, qidmuniy
וְאִם־זְרוֹֹעַ, w'im־zrwoʕa
יֶאֱתֶה, ye'eteh
כְּעֹלְלִים, kʕolliym
עַל־יָמִין, ʕal־yamiyn
יִנְקָב־אָף, yinqav־'af
וְלֹא־אָמַר, wlo'־'amar
דָשֶׁן, dašen
וַתִּקְמְטֵנִי, watiqmṭeniy
וְאִם־צַדִּיק, w'im־t͡sadiyq
וְיַעֲבֹרוּ, wyaʕavoru
וְלֹא־שָׁבוּ, wlo'־šavu
וְאֶשְׁקוֹֹט, w'ešqwoṭ
וּמַלְכֻּדְתּוֹֹ, umalkudtwo
עֲלֵי־דֶשֶׁא, ʕaley־deše'
לְהָסִיר, lhasiyr
תְּדוּשֶׁהָ, tdušeha
תִבְחַר, tivħar
וּבְצוּר, uvt͡sur
אֶזְרְעָה, 'ezrʕah
מַה־תִּפְעָל, mah־tifʕal
מִי־נָטָה, miy־naṭah
יַרְדֵּן, yarden
עַם־הָאָרֶץ, ʕam־ha'aret͡s
אוֹֹדֶךָּ, 'wodeka
וּבְמַלְאָכָיו, uvmal'axayw
תָּפַרְתִּי, tafartiy
בַּחֲלוֹֹם, baħalwom
כַּסִיר, kasiyr
בְּהִלוֹֹ, bhilwo
יִשְׁמְעוּ, yišmʕu
רֵאשִׁיתְךָ, re'šiytxa
עֲדֵי־רָגַע, ʕadey־ragaʕ
אִם־אֶמְנַע, 'im־'emnaʕ
וָאָשִׂים, wa'asiym
הַקֹטְפִים, haqoṭfiym
בְּעַמוֹֹ, bʕamwo
חוֹֹקֵר, ħwoqer
חֲרוֹֹן, ħarwon
בָשָׂר, vasar
רָחֲקוּ, raħaqu
יוֹֹעֲצִים, ywoʕat͡siym
וְלֹא־עִמָנוּ, wlo'־ʕimanu
מֵאָבִיךָ, me'aviyxa
הִרְחִיק, hirħiyq
וְדוֹֹרֵךְ, wdworex
מִקָרוֹֹב, miqarwov
וְזִהֲמַתּוּ, wzihamatu
מֵשִׁיב, mešiyv
שְׁמַעְתִּיךָ, šmaʕtiyxa
אֶמֶשׁ, 'emeš
לָבַשׁ, lavaš
הַתְקַשֵׁר, hatqašer
כָּעֵת, kaʕet
כְּדַבֵּר, kdaber
לִקְשֵׁה־יוֹֹם, liqšeh־ywom
תַּחְתִּית, taħtiyt
תַּחְשְׁבֻנִי, taħšvuniy
הֶן־זֹאת, hen־zo't
עַל־פְּנֵי־פָרֶץ, ʕal־pney־faret͡s
תַחֲלִיף, taħaliyf
יִסְפּוֹֹק, yispwoq
[אַחְיוֹֹתָיו], ['aħywotayw]
הָיִיתָ, hayiyta
מֵעַי, meʕay
נֶחְשְׁבוּ, neħšvu
יִבָּקֵעַ, yibaqeʕa
וְהָאֲתֹנוֹֹת, wha'atonwot
וְרֹחַב, wroħav
יְעַוֵּת־צֶדֶק, yʕauet־t͡sedeq
אֶחֱזֶה־לִי, 'eħezeh־liy
יוּצַק, yut͡saq
יִמַל, yimal
וְצָנִיף, wt͡saniyf
וַיִמָל, wayimal
קוֹֹלִי, qwoliy
תִּבָּנֶה, tibaneh
הֲלֹא־אֵיד, halo'־'eyd
יִשְׁכֹּן, yiškon
אָקוּמָה, 'aqumah
וְיָדָיו, wyadayw
וּמַה־יוֹֹכִיחַ, umah־ywoxiyħa
בְּצַוָּאר, bt͡saua'r
אֲשֶׁר־שַׂמְתִּי, 'ašer־samtiy
אִם־שְׁנוֹֹתֶיךָ, 'im־šnwoteyxa
כְּשָׂכִיר, ksaxiyr
אוֹֹרֶה, 'woreh
כְּגִבּוֹֹר, kgibwor
וְקַדְמֹנִים, wqadmoniym
לֹא־תִשְׁמוֹֹר, lo'־tišmwor
קוֹֹל, qwol
וּמִכֹּחֲכֶם, umikoħaxem
וְרִמָה, wrimah
זַכָּה, zakah
וְעַל־מִי, wʕal־miy
כִּמְעִיל, kimʕiyl
וְהֹצֵאתָ, whot͡se'ta
כְּאִיוֹֹב, k'iywov
[וְחַיָתוֹֹ], [wħayatwo]
לֹא־דָרֶךְ, lo'־darex
צַדִּיקִים, t͡sadiyqiym
כִּי־יִזְכֶּה, kiy־yizkeh
מֵאֶרֶץ, me'eret͡s
תִּשָׂא, tisa'
בְּאַרְבַּע, b'arbaʕ
אַגְמוֹֹן, 'agmwon
תשוה, tשwh
חֵילוֹֹ, ħeylwo
וְעָשׂוּ, wʕasu
יָמִין, yamiyn
יְלַמֶד־דָּעַת, ylamed־daʕat
מְתַלְעוֹֹת, mtalʕwot
גְבָעוֹֹת, gvaʕwot
לְחָיָי, lħayay
בַּחַלָמִישׁ, baħalamiyš
בַעֲדִי, vaʕadiy
מְרֵרָתִי, mreratiy
לְרַעַשׁ, lraʕaš
מֵעִם, meʕim
יִרְטָבוּ, yirṭavu
שְׁמָעֶנָה, šmaʕenah
אַף־אָמְנָם, 'af־'amnam
יַעֲזוֹֹב, yaʕazwov
וַיִקַח־לוֹֹ, wayiqaħ־lwo
עַל־נָוֵהוּ, ʕal־nawehu
יַסְגִּירֵנִי, yasgiyreniy
הָטְבָּעוּ, haṭbaʕu
תְּזוּרֶהָ, tzureha
כָּל־שֹׁכְחֵי, kal־šoxħey
יֵצֵא־לָחֶם, yet͡se'־laħem
וְלִשְׁתּוֹֹת, wlištwot
לַפִּיד, lapiyd
שִׁמְעוּ־נָא, šimʕu־na'
וְעַמוּדֶיהָ, wʕamudeyha
כָּמֹנִי, kamoniy
וְיָשֵׂם, wyasem
בַּעַדְכֶם, baʕadxem
וְכָל־יֹדְעָיו, wxal־yodʕayw
אֱלִיהוּ, 'eliyhu
הָנְחַלְתִּי, hanħaltiy
תִּקְרָא, tiqra'
אֲחַוְךָ, 'aħawxa
עַד־אֶגְוָע, ʕad־'egwaʕ
פִּרְחַח, pirħaħ
טֹפְלֵי־שָׁקֶר, ṭofley־šaqer
רִפַּדְתִּי, ripadtiy
וּבִשְׁנֵי, uvišney
וְשִׁרְיָה, wširyah
וְשִׁבְעָה, wšivʕah
עִם־שָׁוְא, ʕim־šaw'
יִקָחוּ, yiqaħu
רֵעֶיךָ, reʕeyxa
כִּי־שֻׁלַח, kiy־šulaħ
תְּכַסֶה, txaseh
וּבָנָיו, uvanayw
גָּדוֹֹל, gadwol
אִשְׁתִּי, 'ištiy
בְּפִיהֶם, bfiyhem
וּבֶעָפָר, uveʕafar
יִתְגַּבָּר, yitgabar
שִׂיחַ, siyħa
מִנִי־בֶכִי, miniy־vexiy
מָרָה, marah
לָבוֹֹא, lavwo'
בִּדְלָתַיִם, bidlatayim
מִקְדֹשִׁים, miqdošiym
פְנוּ־בִי, fnu־viy
ושבי, wשvy
הְמִיָמֶיךָ, hmiyameyxa
וְרֹב־צְדָקָה, wrov־t͡sdaqah
לְהַשְׂבִּיעַ, lhasbiyʕa
וּבַעֲבוּר, uvaʕavur
שָׁלַף, šalaf
תֹּלֶה, toleh
שָׁרְשִׁי, šaršiy
הֲלֹא־מְעַט, halo'־mʕaṭ
וְיֶחְדָּל, wyeħdal
יְחוֹֹלָלוּ, yħwolalu
כָּל־חֹשֶׁךְ, kal־ħošex
מִבְּכִי, mibxiy
גַּם־גָּבְרוּ, gam־gavru
לֹא־יַרְשִׁיעַ, lo'־yaršiyʕa
הָפַךְ, hafax
מַה־נִרְדָּף־לוֹֹ, mah־nirdaf־lwo
תִּשְׁתַּפֵּךְ, tištapex
וְרֹאשׁוֹֹ, wro'šwo
וָאֶשְׁבֹּר, wa'ešbor
וְרַגְלַיִם, wraglayim
יִשְׁפֹּךְ, yišpox
לֹא־עֹז, lo'־ʕoz
תִּקוֹֹב, tiqwov
יַעֲלֵי־סָלַע, yaʕaley־salaʕ
קָנֶה, qaneh
חָלִילָה, ħaliylah
אֱלֵי־מָיִם, 'eley־mayim
גַּם־עַתָּה, gam־ʕatah
אַרְנִן, 'arnin
בִּצְרוֹֹר, bit͡srwor
וְיִמְנָעֶנָה, wyimnaʕenah
תַּאֲוָה, ta'awah
פְּנֵי־שֹׁפְטֶיהָ, pney־šofṭeyha
חָדָשׁ, ħadaš
וְעַל־עָפָר, wʕal־ʕafar
תְּמַלֶל־אֵלֶה, tmalel־'eleh
וְכִידוֹֹן, wxiydwon
עַל־פָּנָיו, ʕal־panayw
יְחִתֵּנִי, yħiteniy
מִשְׁמָר, mišmar
אִם־עָלַי, 'im־ʕalay
כִּי־לִפְנֵי, kiy־lifney
נִצְפְּנוּ, nit͡spnu
יִבְצָע, yivt͡saʕ
יוֹֹעִידֵנִי, ywoʕiydeniy
אֶבָּהֵל, 'ebahel
בְּיָסְדִי־אָרֶץ, byasdiy־'aret͡s
רִסְנוֹֹ, risnwo
לֹא־אֵצֵא, lo'־'et͡se'
שְׂעִפַּי, sʕipay
כִּי־שָׁוְא, kiy־šaw'
וְחִתַּתַּנִי, wħitataniy
כִחֲדוּ, xiħadu
וְנִבְהָלְתִּי, wnivhaltiy
צֹרֵר־מַיִם, t͡sorer־mayim
וְהוֹֹפִיעַ, whwofiyʕa
וִיבַהֶלְךָ, wiyvahelxa
שָׂפָה, safah
מְתָקוֹֹ, mtaqwo
לָרִיב, lariyv
וְיוֹֹכַח, wywoxaħ
תִּתְחַנָן, titħanan
תְּחַדֵּשׁ, tħadeš
הַרְחִיקֵהוּ, harħiyqehu
מִיַד־צָר, miyad־t͡sar
שְׂחֹק, sħoq
מִנִי־רָגֶל, miniy־ragel
וַיִגְוַע, wayigwaʕ
נִשְׂבָּע, nisbaʕ
יִמְשׁוֹֹךְ, yimšwox
וּבְכַפַּי, uvxapay
יְמִינֶךָ, ymiynexa
תֵּרַדְנָה, teradnah
בָּהִיר, bahiyr
לְתֶבֶן, lteven
הַמִשְׁתֶּה, hamišteh
שַׂק, saq
יִתְיַצָב, yityat͡sav
עֲלֵי־שִׂיחַ, ʕaley־siyħa
בְּכֶפֶל, bxefel
הֲתָשִׂים, hatasiym
אחיתיהם, 'ħytyhm
וּבְעַד־בֵּיתוֹֹ, uvʕad־beytwo
שֻׁלְחָנְךָ, šulħanxa
מוֹֹרֶה, mworeh
כָּל־בְּשַׂר־אִישׁ, kal־bsar־'iyš
נֶחְשַׁבְנוּ, neħšavnu
לְדֹר, ldor
נָשַׁמוּ, našamu
יַבִּיטוּ, yabiyṭu
בְּאֶפֶס, b'efes
נַהֲרֵי, naharey
תְּשַׁוֵּעַ, tšaueʕa
יְשַׁלְחוּ, yšalħu
וּמִדַּד־עָרֶב, umidad־ʕarev
מִסְפַּר־חֳדָשָׁיו, mispar־ħadašayw
אֹמֶץ, 'omet͡s
אֵצֵא, 'et͡se'
לְעַוָּל, lʕaual
עַפְעַפַּי, ʕafʕapay
הִלְכוּ, hilxu
אִם־כֹּחַ, 'im־koħa
יִקְטְלֵנִי, yiqṭleniy
הָאֹמְרִים, ha'omriym
לְהִסָתֶר, lhisater
אוֹֹ־חֹשֶׁךְ, 'wo־ħošex
נָפְלָה, naflah
וָאֶקוֹֹב, wa'eqwov
תִּפְנֶה, tifneh
יִצְעֲקוּ, yit͡sʕaqu
יַכְחִידֶנָה, yaxħiydenah
הַבְּרָב־כֹּחַ, habrav־koħa
לַכֶּסֶף, lakesef
כְּמוֹֹ־אָבֶן, kmwo־'aven
וְנֶפֶשׁ־חֲלָלִים, wnefeš־ħalaliym
יַכְזִיבֵנִי, yaxziyveniy
אִם־יַחַד, 'im־yaħad
עֹשָׂי, ʕosay
כִּי־חָפַצְתִּי, kiy־ħafat͡stiy
כְּלִמָתִי, klimatiy
וְלָלֶכֶת, wlalexet
בַּצוּר, bat͡sur
פְנֵי־אִישׁ, fney־'iyš
שׁוּעַ, šuʕa
שָׁכַב, šaxav
נִמְהָרָה, nimharah
לַזָהָב, lazahav
יְגִיעֵי, ygiyʕey
סָרוּ, saru
הִפְשִׁיט, hifšiyṭ
צָפוֹֹן, t͡safwon
בְּיַד־פִּשְׁעָם, byad־pišʕam
וָאֱהִי, wa'ehiy
מְאַחֵז, m'aħez
עֲנָנָה, ʕananah
קָדְקֳדוֹֹ, qadqadwo
לִקְצוֹֹת־הָאָרֶץ, liqt͡swot־ha'aret͡s
וְאֶת־רֵעֶיךָ, w'et־reʕeyxa
בִּמְגוּרָיו, bimgurayw
אֲאַמִצְכֶם, 'a'amit͡sxem
מַה־יֹאמַר, mah־yo'mar
מַה־חֶפְצוֹֹ, mah־ħeft͡swo
לָרִמָה, larimah
וְכִי־כַבִּיר, wxiy־xabiyr
וְאֶל־בְּשָׂרוֹֹ, w'el־bsarwo
אַל־יַאֲמֵן, 'al־ya'amen
אַל־תַּעַשׂ, 'al־taʕas
בִּמְקוֹֹם, bimqwom
[עֲלוּמָיו], [ʕalumayw]
[וְרוֹֹב], [wrwov]
לִנְגּוֹֹעַ, lingwoʕa
יוּבָלוּ, yuvalu
וְהוֹֹחַלְתִּי, whwoħaltiy
וֶאֱלוֹֹהַ, we'elwoha
דְּאָבָה, d'avah
שְׁלֹשָׁה, šlošah
יִקְטָל־עָנִי, yiqṭal־ʕaniy
שִׂימָה־נָא, siymah־na'
וְצָדַקְתִּי, wt͡sadaqtiy
רֹעוֹֹת, roʕwot
חָפָצְנוּ, ħafat͡snu
הַנִשְׁכָּחִים, haniškaħiym
תְּרִיבוּן, triyvun
וַיַךְ, wayax
תֵּעָזַב, teʕazav
תִּטֶה, tiṭeh
לְעַבְדִּי, lʕavdiy
יָמֵינוּ, yameynu
כַּחֲלוֹֹם, kaħalwom
אֲשֶׁר־בֶּעָפָר, 'ašer־beʕafar
בְהַשְׂכֵּיל, vhaskeyl
וְתִשָׂא, wtisa'
הֲתַאֲמִין, hata'amiyn
גבורתו, gvwrtw
אֶל־גְּבוּלוֹֹ, 'el־gvulwo
אֶחְיֶה, 'eħyeh
כִּי־יַחְקֹר, kiy־yaħqor
כִּי־גָדַל, kiy־gadal
וּמֵחֶזְיֹנוֹֹת, umeħezyonwot
עָדֶיהָ, ʕadeyha
[וְשִׁית], [wšiyt]
יְרוֹֹפָפוּ, yrwofafu
אִם־אֶצְדָּק, 'im־'et͡sdaq
וִימַלֵא, wiymale'
לְמַטָרָה, lmaṭarah
ישית, yשyt
יַאַזְרֵנִי, ya'azreniy
אֶלֶף, 'elef
יִטְעַם, yiṭʕam
הִכִּירֻהוּ, hikiyruhu
כָּל־עֲדָתִי, kal־ʕadatiy
יֶעְתַּר, yeʕtar
גִּזְעוֹֹ, gizʕwo
כַפֵּימוֹֹ, xapeymwo
כִּי־יָקוּם, kiy־yaqum
וְאַל־תַּשְׁכֵּן, w'al־tašken
נַפְשְׁכֶם, nafšxem
טָמְנֵם, ṭamnem
יִשְׂפֹּק, yispoq
יִלְבָּשׁ, yilbaš
בְּרֶשֶׁת, brešet
וּרְחָבָה, urħavah
חֹק־חָג, ħoq־ħag
מַלְפֵנוּ, malfenu
וְיִגְאֶה, wyig'eh
פָתוּחַ, fatuħa
קִדְּמֻנִי, qidmuniy
עֲמֻקָה, ʕamuqah
תִּתְעַנָג, titʕanag
תַּעֲלֻמוֹֹת, taʕalumwot
מִמֹקְשֵׁי, mimoqšey
מִשׁוּט, mišuṭ
אֶת־רֹאשׁוֹֹ, 'et־ro'šwo
וְלֹא־יַחֲזִיק, wlo'־yaħaziyq
אֶגְלֵי־טָל, 'egley־ṭal
תָּהֶל, tahel
עִמָכֶם, ʕimaxem
אַרְבֶּה, 'arbeh
בְּתֻמָתוֹֹ, btumatwo
חֲקַרְנוּהָ, ħaqarnuha
הִקִיף, hiqiyf
בתחבולתו, vtħvwltw
[וְשׁוּבוּ], [wšuvu]
יַרְחֵי־שָׁוְא, yarħey־šaw'
עֹרֵר, ʕorer
וְחַיִים, wħayiym
מִדָּרֶךְ, midarex
וְחִין, wħiyn
לְשֹׁד, lšod
מֵאָוֶן, me'awen
וְלֹא־אַכִּיר, wlo'־'akiyr
עָנְיִי, ʕanyiy
וְהַלַיְלָה, whalaylah
תַּחֲנוּנִים, taħanuniym
תָּשֵׁבְנָה, taševnah
וְתַשְׁלִיכֵהוּ, wtašliyxehu
וּפָקַדְתָּ, ufaqadta
נֶגְדִּי, negdiy
אִשְׁתּוֹֹ, 'ištwo
כִּי־יִסְכֹּן, kiy־yiskon
מַמְרֹרִים, mamroriym
יְהוֹֹלֵל, yhwolel
הֲיֵשׁ־בִּלְשׁוֹֹנִי, hayeš־bilšwoniy
מִנִי־אָרֶג, miniy־'areg
הֲכִי־אָמַרְתִּי, haxiy־'amartiy
עַל־מִשְׁפָּטִי, ʕal־mišpaṭiy
מַה־יִקָחֲךָ, mah־yiqaħaxa
וְיֹאחֵז, wyo'ħez
יַעֲלֶה, yaʕaleh
כִּי־כִחַשְׁתִּי, kiy־xiħaštiy
בְכֶלַח, vxelaħ
תַּחַת־כָּל־הַשָׁמַיִם, taħat־kal־hašamayim
בְּיוֹֹם, bywom
פָּחַדְתִּי, paħadtiy
יִסַרְתָּ, yisarta
יְאֹרִים, y'oriym
כִּי־תַחְבֹּל, kiy־taħbol
כִּי־ילדו, kiy־yldw
וְיֹנַקְתּוֹֹ, wyonaqtwo
לָשִׁית, lašiyt
וַתִּלְעַג, watilʕag
תַּעֲרוֹֹץ, taʕarwot͡s
זִכְרוֹֹ־אָבַד, zixrwo־'avad
וְעַל־אָדָם, wʕal־'adam
אֱלֵי־גִיל, 'eley־giyl
פְּתָנִים, ptaniym
יִשָׂאֵהוּ, yisa'ehu
מַה־כֹּחִי, mah־koħiy
מְמַדֶּיהָ, mmadeyha
וְקַשְׁתִּי, wqaštiy
וְנִיד, wniyd
וַאֲיַחֲלָה, wa'ayaħalah
אַלְמָנוֹֹת, 'almanwot
וִידַכְּאֵנִי, wiydak'eniy
בָאְשָׁה, va'šah
כִּי־אָדָם, kiy־'adam
פִּנוֹֹת, pinwot
בָעֵמֶק, vaʕemeq
נְהָרָה, nharah
רַעֲנָנָה, raʕananah
אִם־בָּנֶיךָ, 'im־baneyxa
יְקַו־לְאוֹֹר, yqaw־l'wor
וּזְרֹעוֹֹת, uzroʕwot
מֵחַטָאתִי, meħaṭa'tiy
אַף־בְּרִי, 'af־briy
אֱוִיל, 'ewiyl
יִכְאָב, yix'av
וַתָּבֶן, wataven
פֹּעֲלֵי, poʕaley
חָשַׁבְתָּ, ħašavta
לַמְמִתִים, lammitiym
יְדַכְּאוּם, ydak'um
אִם־יָבִין, 'im־yaviyn
עַל־צַדְּקוֹֹ, ʕal־t͡sadqwo
פְּרָאִים, pra'iym
וְלֹא־נָחְתִּי, wlo'־naħtiy
וּנְדָרֶיךָ, undareyxa
קִימָנוּ, qiymanu
זִמֹתַי, zimotay
גַּם־הוּא־לִי, gam־hu'־liy
וְאֶת־בְּנֵי, w'et־bney
אֲדֹנָי, 'adonay
יִתְמַלָאוּן, yitmala'un
וְשִׂימוּ, wsiymu
עַל־פֶּה, ʕal־peh
מִנְחִירָיו, minħiyrayw
רָגֶל, ragel
יִיבָשׁ, yiyvaš
לְאֵבֶל, l'evel
וַאֲאַלֶפְךָ, wa'a'alefxa
וּתְדַכְּאוּנַנִי, utdak'unaniy
וְאִם־לְמִשְׁפָּט, w'im־lmišpaṭ
נְהָרוֹֹת, nharwot
אִם־חָטָאתִי, 'im־ħaṭa'tiy
עֲלֵי־קָרֶת, ʕaley־qaret
כִּסְלָתֶךָ, kislatexa
אִם־יֵשׁ־מִלִין, 'im־yeš־miliyn
וְהֶעֱלָה, wheʕelah
תַּשְׁקֶה, tašqeh
[הִיא], [hiy']
יִקְבֻהוּ, yiqvuhu
אַנְחָתִי, 'anħatiy
רָאוּנִי, ra'uniy
לא־[לוֹֹ־], l'־[lwo־]
וּתְמוּרָתָה, utmuratah
יְפַלַח, yfalaħ
כְּתֹף, ktof
אָמִישׁ, 'amiyš
לֹא־יִזָכֵר, lo'־yizaxer
יַחֲזִיק, yaħaziyq
קֶרֶן, qeren
קוֹֹלָם, qwolam
מִגַּעֲרָתוֹֹ, migaʕaratwo
תוֹֹכַחְתִּי, twoxaħtiy
בְעֵינֶיךָ, vʕeyneyxa
וַאֲחַוֶּךָּ, wa'aħaueka
קָרוֹֹב, qarwov
אַחֲרֶיךָ, 'aħareyxa
תֹסִיף, tosiyf
וּשְׁנֵיהֶם, ušneyhem
תְשַׁלֵם, tšalem
וּתְרוּעָה, utruʕah
רָטֹב, raṭov
שָׁגִיתִי, šagiytiy
וַתֵּכַה, watexah
אֵלֶיהָ, 'eleyha
וְאֶל־אֱלֹהִים, w'el־'elohiym
יצתי, yt͡sty
וּמַלְאָךְ, umal'ax
תְרֹמֵם, tromem
לִי־שָׁמְעוּ, liy־šamʕu
נָשָׂאתִי, nasa'tiy
וִישָׂעֲרֵהוּ, wiysaʕarehu
עַל־חָנֵף, ʕal־ħanef
עָתִיד, ʕatiyd
לְמוֹֹ־חָרֶב, lmwo־ħarev
וְלֹא־חָלַק, wlo'־ħalaq
[וַחֲדָל], [waħadal]
תַּפְשִׁיט, tafšiyṭ
יָבִינוּ, yaviynu
הִנֵה־בִטְנִי, hineh־viṭniy
וְלֹא־יִטֶה, wlo'־yiṭeh
נָקְטָה, naqṭah
וְיִנָעֲרוּ, wyinaʕaru
הַמִדְבָּר, hamidbar
כֻתָּנְתִּי, xutantiy
יִהְיוּ, yihyu
וְשִׁנֵי, wšiney
אֶעֱבוֹֹר, 'eʕevwor
מִפְרְשֵׂי־עָב, mifrsey־ʕav
שָׁלַח, šalaħ
וּבְחֶבֶל, uvħevel
עַל־יוֹֹמוֹֹ, ʕal־ywomwo
אַלְפֵי־צֹאן, 'alfey־t͡so'n
כָּלַח, kalaħ
אַל־תֵּפֶן, 'al־tefen
לֹא־יָסוּר, lo'־yasur
יִתֶּן־לוֹֹ, yiten־lwo
כִּי־לֶאֱוִיל, kiy־le'ewiyl
וְלֹא־זָר, wlo'־zar
זָרָה, zarah
נוֹֹגֵשׂ, nwoges
יוֹֹרוּךָ, yworuxa
אִיגָע, 'iygaʕ
אַל־תִּמְאָס, 'al־tim'as
לְתוּשִׁיָה, ltušiyah
כִּי־יַשֶׁה, kiy־yašeh
בְּעוֹֹד, bʕwod
הֶחֱזַקְתִּי, heħezaqtiy
וְיָמַי, wyamay
וּבְכָל־תְּבוּאָתִי, uvxal־tvu'atiy
לֹא־הִכִּירוּ, lo'־hikiyru
לֹא־מַיִם, lo'־mayim
מֵעִם־גָּר, meʕim־gar
לְצַלְעוֹֹ, lt͡salʕwo
וּנְשׂוּא, unsu'
יוֹֹשִׁעַ, ywošiʕa
הֶן־תָּוִי, hen־tawiy
חוֹֹלָלְתָּ, ħwolalta
בִּמְלֹאות, bimlo'wt
וָמֻת, wamut
יִפָּתֵחַ, yipateħa
בַצָהֳרָיִם, vat͡saharayim
בְּפִיו, bfiyw
לֹא־אַאֲמִין, lo'־'a'amiyn
הֲיִחְיֶה, hayiħyeh
יָפֵץ, yafet͡s
וְאִם־בֶּצַע, w'im־bet͡saʕ
[גְּבוּרוֹֹתָיו], [gvurwotayw]
[בַּשָׁיו], [bašayw]
הֲיָם־אָנִי, hayam־'aniy
בְשִׁנָי, všinay
יָבֹא, yavo'
אִם־אָמְרִי, 'im־'amriy
חמרמרה, ħmrmrh
וּמַה־יִרְזְמוּן, umah־yirzmun
צִלֲלוֹֹ, t͡silalwo
לֹא־יוֹֹעִיל, lo'־ywoʕiyl
לִשְׁכֹּן, liškon
הַתְמַלֵא, hatmale'
פִּנָתָה, pinatah
עֶרְכּוֹֹ, ʕerkwo
כִּי־אֶרְאֶה, kiy־'er'eh
לְמִפְגָּע, lmifgaʕ
בְּצִדְקָתִי, bt͡sidqatiy
כָּל־בָּשָׂר, kal־basar
וְיָדַיִם, wyadayim
הֲמִבִּינָתְךָ, hamibiynatxa
תַּחְשֹׁבוּ, taħšovu
וּבִמְעוֹֹנֹתֶיהָ, uvimʕwonoteyha
מֵעָלָיו, meʕalayw
וּמַלְטוּנִי, umalṭuniy
עַד־תְּכוּנָתוֹֹ, ʕad־txunatwo
יַגְעִל, yagʕil
בַּל־יִמוֹֹט, bal־yimwoṭ
אִם־יֵשׁ, 'im־yeš
כִּי־נִתְעָב, kiy־nitʕav
מֵרֵאשִׁתוֹֹ, mere'šitwo
אִי־נָקִי, 'iy־naqiy
כִּי־הֶבֶל, kiy־hevel
יִבָּחֵן, yibaħen
בֶן־קָשֶׁת, ven־qašet
הֲיֵאָכֵל, haye'axel
[בְּתַחְבּוּלֹתָיו], [btaħbulotayw]
כַבְּהֵמָה, xabhemah
כְיַרְחֵי־קֶדֶם, xyarħey־qedem
וּפִיהֶם, ufiyhem
נֶחָמָתִי, neħamatiy
בְּחֵקִי, bħeqiy
וְעָלֵימוֹֹ, wʕaleymwo
לָקָח, laqaħ
מִפָּנָיו, mipanayw
גְּרָמָיו, gramayw
וְכִפָּתוֹֹ, wxipatwo
כַּזָהָב, kazahav
וְקֹדְרִים, wqodriym
עלומו, ʕlwmw
יָמִית, yamiyt
יְשֹׁרָשׁוּ, yšorašu
אָחֲזוּ, 'aħazu
וּבְנֵי־רֶשֶׁף, uvney־rešef
בְּאֹהָלֶיךָ, b'ohaleyxa
וְאִם־מַדּוּעַ, w'im־maduʕa
תּוּשִׁיָה, tušiyah
בְּכָל־אֲשֶׁר־לוֹֹ, bxal־'ašer־lwo
וּמְצוּדָה, umt͡sudah
מַחְשְׁבוֹֹתֵיכֶם, maħšvwoteyxem
בָתֵּי־חֹמֶר, vatey־ħomer
כִּי־לֹא־אִישׁ, kiy־lo'־'iyš
הֲלֹא־את, halo'־'t
יַעַרְכוּנִי, yaʕarxuniy
וַהֲזִכּוֹֹתִי, wahazikwotiy
נֶגְדּוֹֹ, negdwo
מִפְּנִינִים, mipniyniym
הַמֵעִמְךָ, hameʕimxa
עֲלוּמָיו, ʕalumayw
לַמָטָר, lamaṭar
כִּרְאִי, kir'iy
תִּבְחָנֶנוּ, tivħanenu
מַרְאֵהוּ, mar'ehu
יְתוֹֹמִים, ytwomiym
וּבַעֲצָמוֹֹת, uvaʕat͡samwot
כָּתַב, katav
נֶחְבָּאוּ, neħba'u
יִגֶל, yigel
תְּעָלָה, tʕalah
וּבְמִלְחָמָה, uvmilħamah
כִּי־תְבַקֵשׁ, kiy־tvaqeš
וְעַל־יְדֵי, wʕal־ydey
תַּכְלִימוּנִי, taxliymuniy
נִכְחָדוּ, nixħadu
וּבָרָק, uvaraq
מֻאוּם, mu'um
צִדְקָתוֹֹ, t͡sidqatwo
עֲוִיל, ʕawiyl
וּכְסֻכָּה, uxsukah
יִשְׁלַח־יָד, yišlaħ־yad
כְמוֹֹ־נָחַל, xmwo־naħal
לְעֶבֶד, lʕeved
כְּתֵפִי, ktefiy
אֲסִירִים, 'asiyriym
עֲפַר־אָרֶץ, ʕafar־'aret͡s
וַתְּשַׁלְחֵהוּ, watšalħehu
מִנִשְׁמַת־אֵל, minišmat־'el
הַחִנָם, haħinam
יָעוּף, yaʕuf
יַמְצִאֵהוּ, yamt͡si'ehu
וְאֵמָתְךָ, w'ematxa
[יִתְרִי], [yitriy]
נִדְּחָה, nidħah
אָהֳלֵי־שֹׁחַד, 'ahaley־šoħad
מֵחֶרֶב, meħerev
יוֹֹרֵד, ywored
הֲיִגְאֶה־גֹּמֶא, hayig'eh־gome'
יְדַבֶּר־אֵל, ydaber־'el
מִכָּל־בְּנֵי־קֶדֶם, mikal־bney־qedem
בְּעֵינֵיכֶם, bʕeyneyxem
אַךְ־דְּרָכַי, 'ax־draxay
וּתְהִי־זֹאת, uthiy־zo't
וּתְפִלָתִי, utfilatiy
לָאֶבְיוֹֹנִים, la'evywoniym
לֹא־יֻתַּן, lo'־yutan
בְּרוּחוֹֹ, bruħwo
אֲשֶׁר־מָאַסְתִּי, 'ašer־ma'astiy
לֹא־יֶחֱרַף, lo'־yeħeraf
עִם־אַבְנֵי, ʕim־'avney
פָּח, paħ
[וְיֹדְעָיו], [wyodʕayw]
נִצְמַתִּי, nit͡smatiy
כִּי־תִכְתֹּב, kiy־tixtov
בָּהֶם, bahem
אֶעֶרְכָה, 'eʕerxah
כִּי־רֶגֶל, kiy־regel
מִן־הָאָרֶץ, min־ha'aret͡s
כִּידוֹֹן, kiydwon
מַזָרוֹֹת, mazarwot
וַתִּטְפֹּל, watiṭpol
לְמָרוֹֹם, lmarwom
לַחֹשֶׁךְ, laħošex
כֹּהֲנִים, kohaniym
קְצַר, qt͡sar
וָאִירָא, wa'iyra'
אַךְ־הוּא, 'ax־hu'
יִשְׂאוּ־לוֹֹ, yis'u־lwo
בָּרְחוֹֹב, barħwov
רַכּוֹֹת, rakwot
עַל־דַּרְכֵי־אִישׁ, ʕal־darxey־'iyš
לֹא־מָצְאוּ, lo'־mat͡s'u
כְאָב, x'av
נִשְׁמַע־בּוֹֹ, nišmaʕ־bwo
יְאַלֵף, y'alef
יָרִים, yariym
יְפַגְּשׁוּ־חֹשֶׁךְ, yfagšu־ħošex
וְלֹא־תַעֲשֶׂינָה, wlo'־taʕaseynah
יַעֲשֶׂה, yaʕaseh
וַיֶחֱלָשׁ, wayeħelaš
עַל־פְּנֵי־אָרֶץ, ʕal־pney־'aret͡s
כִּי־תוֹֹשִׁעַ, kiy־twošiʕa
וַיַהֲלֹךְ, wayahalox
לַיִשׁ, layiš
רִנְנַת, rinnat
רַעְמָה, raʕmah
יִלְעָג, yilʕag
וְחַטָאתִי, wħaṭa'tiy
תָּבִינוּ, taviynu
כַּעֲלוֹֹת, kaʕalwot
כָּרוּחַ, karuħa
סְבִיבוֹֹתֶיךָ, sviyvwoteyxa
כִּי־תַתֵּם, kiy־tatem
וַיִגְבָּהוּ, wayigbahu
תִּרְדְּפֻנִי, tirdfuniy
נִקְפוּ־זֹאת, niqfu־zo't
וּדְבַר־גְּבוּרוֹֹת, udvar־gvurwot
שִׂים, siym
לְתַנִים, ltaniym
מִמְלֹךְ, mimlox
דָּלְפָה, dalfah
וּבְשֶׁבַע, uvševaʕ
לְבֻשׁוֹֹ, lvušwo
אֶל־חֹשֶׁךְ, 'el־ħošex
גְּבוּרָה, gvurah
לֶדֶת, ledet
בְאֶרֶץ־עוּץ, v'eret͡s־ʕut͡s
יִרְאָתְךָ, yir'atxa
עָבְדֶךָ, ʕavdexa
יָד, yad
וְלֹא־עָבַר, wlo'־ʕavar
גָּבְהֵי, gavhey
וְכַחוֹֹל, wxaħwol
מְלִיצַי, mliyt͡say
חֲלָלִים, ħalaliym
הַקְשֵׁב, haqšev
שְׁאֶלְתֶּם, š'eltem
מַכְלִם, maxlim
מֵרֹאִי, mero'iy
לָשׂוּם, lasum
בְּהִתְפַּלְלוֹֹ, bhitpallwo
וְרִבוֹֹת, wrivwot
חֶלְקִי, ħelqiy
אַפִּי, 'apiy
לֹא־אָדָם, lo'־'adam
קָפְצָה, qaft͡sah
יְגֹרָשׁוּ, ygorašu
וְצַעֲקַת, wt͡saʕaqat
[וְגוּשׁ], [wguš]
לֹא־יֶעְשַׁר, lo'־yeʕšar
וְלֹא־נָתַתִּי, wlo'־natatiy
בְלִי־שֵׁם, vliy־šem
וְחַטָאוֹֹת, wħaṭa'wot
וְגַם־חֲקָרָה, wgam־ħaqarah
יִקָטֵף, yiqaṭef
תַּקְפִּיאֵנִי, taqpiy'eniy
בִצָה, vit͡sah
מֵאֲנָה, me'anah
גָּבְהוּ, gavhu
לְמוֹֹ־פִי, lmwo־fiy
לְהָשִׁיב, lhašiyv
לְמַלֵא, lmale'
הָמוֹֹן, hamwon
וַיִשְׁמְעוּ, wayišmʕu
וּפְקֻדָּתְךָ, ufqudatxa
כִּמְרִירֵי, kimriyrey
קָדוֹֹשׁ, qadwoš
מִנֹעַר, minoʕar
תּוּכָל, tuxal
וְלֹא־אָחַז, wlo'־'aħaz
לִרְגָעִים, lirgaʕiym
לֹא־תִרְאֶה, lo'־tir'eh
מִתְחוֹֹלֵל, mitħwolel
נֶעֱלָסָה, neʕelasah
כָּל־מְתֵי, kal־mtey
לְחִכָּם, lħikam
שַׁעֲרֵי־מָוֶת, šaʕarey־mawet
מִשְׁאוֹֹל, miš'wol
כִּי־בָם, kiy־vam
לְאָהֳלִי, l'ahaliy
בְּחֶסֶר, bħeser
וְתִגְזַר־אוֹֹמֶר, wtigzar־'womer
אֶת־מְעִלוֹֹ, 'et־mʕilwo
הַנְבָלוֹֹת, hanvalwot
נְדֻדִים, ndudiym
תִפּוֹֹל, tipwol
עַל־מִשְׁכָּבוֹֹ, ʕal־miškavwo
תְּמַלֶאנָה, tmale'nah
אֲשֶׁר־בְּגָדֶיךָ, 'ašer־bgadeyxa
לְעֶת־צָר, lʕet־t͡sar
גֶּחָלִים, geħaliym
וְעִמוֹֹ, wʕimwo
בְּדָבָר, bdavar
שׁוֹֹפֵךְ, šwofex
וַתִּשְׁכַּח, watiškaħ
[הַשַׁחַר], [hašaħar]
בִי־הִיא, viy־hiy'
חֹרְשׁוֹֹת, ħoršwot
סְבִיבוֹֹת, sviyvwot
יְרַצוּ, yrat͡su
אִם־תַּנִין, 'im־taniyn
הֲיִנְהַק־פֶּרֶא, hayinhaq־pere'
מַחְסֶה, maħseh
אֶעֶנְדֶנוּ, 'eʕendenu
וְרֹגֶז, wrogez
קָרָה, qarah
וְצֶאֱצָאָיו, wt͡se'et͡sa'ayw
דְּבָרִים, dvariym
מַשִׂיגֵהוּ, masiygehu
וְזֶה־אָהַבְתִּי, wzeh־'ahavtiy
וְאֵין־קֵץ, w'eyn־qet͡s
יִרְפַּד, yirpad
יָשַׁנְתִּי, yašantiy
וְיִדְּמוּ, wyidmu
הֲיַעֲרֹךְ, hayaʕarox
אָקוּם, 'aqum
הֲיֵשׁ־לַמָטָר, hayeš־lamaṭar
יִמְאַס־תָּם, yim'as־tam
בְּפָעֳלָם, bfaʕalam
וְנֵכֶר, wnexer
כָל־דְּבָרָיו, xal־dvarayw
מֵהֶם, mehem
אוֹֹבֵד, 'woved
וְצֶאֱצָאֶיךָ, wt͡se'et͡sa'eyxa
בְּמַכְאוֹֹב, bmax'wov
יִדְרוֹֹשׁ, yidrwoš
חִתְּמוּ־לָמוֹֹ, ħitmu־lamwo
שְׁעֵה, šʕeh
וּמִלִבָּם, umilibam
יָקִיצוּ, yaqiyt͡su
הָבִינוּ, haviynu
שְׁפָלִים, šfaliym
בֹּכִים, boxiym
פָּעֳלָם, paʕalam
שִׂיאוֹֹ, siy'wo
בָּנֶיהָ, baneyha
בִּגְאוֹֹן, big'won
אַגִּידֶנוּ, 'agiydenu
בַּנֹעַר, banoʕar
נִשְׁמָתִי, nišmatiy
הָאָדָם, ha'adam
שִׁבְעָנָה, šivʕanah
יִמְצָא, yimt͡sa'
וְיִשְׁרֹק, wyišroq
פחדו, fħdw
שׂוֹֹנֵא, swone'
נִין, niyn
וּמִמְזָרִים, umimzariym
וְצָבָא, wt͡sava'
שַׁאֲגֹתָי, ša'agotay
נֶהְפְּכוּ־לוֹֹ, nehpxu־lwo
יְהִי־רָעֵב, yhiy־raʕev
לֹא־יָשִׂים, lo'־yasiym
כְּנַף־רְנָנִים, knaf־rnaniym
וְאֵיפֹה, w'eyfoh
וְאֶת־מִי־אֵין, w'et־miy־'eyn
אֶתְחַנֶן־לוֹֹ, 'etħanen־lwo
אוּבָל, 'uval
וּמִתֵּבֵל, umitevel
רֵאשִׁית, re'šiyt
בְּעַד־עוֹֹר, bʕad־ʕwor
כַּכֹּל, kakol
וּמַה־שָׁגִיתִי, umah־šagiytiy
הַשֵׁנִית, hašeniyt
דַּלוּ, dalu
נָשֶׁר, našer
כְּמוֹֹ־אֹפֶל, kmwo־'ofel
שִׁבְעָה, šivʕah
שִׂיחָה, siyħah
יִבֶנֵהוּ, yivenehu
יְנַחֵם, ynaħem
לַמָוֶת, lamawet
וְאַמִיץ, w'amiyt͡s
אִם־הִתְרָחַצְתִּי, 'im־hitraħat͡stiy
אַחֲרֵי־כֵן, 'aħarey־xen
בַּשְׁחָקִים, bašħaqiym
יֵצְרוּ, yet͡sru
וְתַחְתֶּיהָ, wtaħteyha
יָלִינוּ, yaliynu
וְאַל־תּוֹֹפַע, w'al־twofaʕ
וּמְזִמוֹֹת, umzimwot
וְאִם־בִּינָה, w'im־biynah
כִּי־יַכִּיר, kiy־yakiyr
וְשַׁעֲרֵי, wšaʕarey
יְשֹׂרָגוּ, ysoragu
אִם־רָשַׁעְתִּי, 'im־rašaʕtiy
שְׁאַל־נָא, š'al־na'
מֵלִיץ, meliyt͡s
תְּאָכְלֵהוּ, t'axlehu
עִם־שָׂרִים, ʕim־sariym
יַרְתִּיחַ, yartiyħa
תִּטְחַן, tiṭħan
תִדְרוֹֹשׁ, tidrwoš
וּמִלְחָמָה, umilħamah
סוֹֹדִי, swodiy
יַפִּילוּן, yapiylun
נִכְחַד, nixħad
תִּפְדּוּנִי, tifduniy
יֵחָצְבוּן, yeħat͡svun
וְשִׁית־עַל־עָפָר, wšiyt־ʕal־ʕafar
בֵּין־שִׂיחִים, beyn־siyħiym
דָּבַק, davaq
יֹכִיחֶךָ, yoxiyħexa
וּטֳהָר־יָדַיִם, uṭahar־yadayim
חַרְבּוֹֹ, ħarbwo
וְגָרְנְךָ, wgarnxa
בְּרַעַשׁ, braʕaš
וְצוֹֹפַר, wt͡swofar
קְצִיעָה, qt͡siyʕah
יְשַׁלֵם, yšalem
וְלָמָה, wlamah
וְכָל־דְּרָכָיו, wxal־draxayw
אִם־אַיִן, 'im־'ayin
עַל־בָּמֳתֵי, ʕal־bamatey
עַל־שֶׁן־סֶלַע, ʕal־šen־selaʕ
שדין, שdyn
בְּכָל־הָאָרֶץ, bxal־ha'aret͡s
לְנֶגֶד, lneged
חָרְפִּי, ħarpiy
בְּתֶלֶם, btelem
כַצֹאן, xat͡so'n
וּמֵחַיַת, umeħayat
וְתִקְוָתָם, wtiqwatam
וְיִתַּר, wyitar
]כִּי־יָדַעְתִּי, ]kiy־yadaʕtiy
שְׂאֵתוֹֹ, s'etwo
עַד־יִרְצֶה, ʕad־yirt͡seh
וּפִי, ufiy
לְהָבִיא, lhaviy'
אָכִין, 'axiyn
קְצוֹֹת, qt͡swot
בָכֶם, vaxem
עַצְמוֹֹתַי, ʕat͡smwotay
לִבְלִי־חָת, livliy־ħat
נָבוּב, navuv
עָשָׁן, ʕašan
וְאִם־אִישׁ, w'im־'iyš
לָבִיא, laviy'
יִזָכֵר, yizaxer
וְעַצְמִי־חָרָה, wʕat͡smiy־ħarah
וְיָצוּק, wyat͡suq
לֹא־יָחִיל, lo'־yaħiyl
יִבָּנֶה, yibaneh
לֹא־יִתְּנֵנִי, lo'־yitneniy
בִּמְרוֹֹמָיו, bimrwomayw
יְעוּרֶנוּ, yʕurenu
יָהֵל, yahel
זַרְעָם, zarʕam
יְמַשְׁשׁוּ, ymaššu
נְוַת, nwat
תָּלִין, taliyn
תְּלַהֵט, tlaheṭ
כָּל־אָרְחֹתָי, kal־'arħotay
בְיָד, vyad
אֲשֶׁר־דַּרְכּוֹֹ, 'ašer־darkwo
וּשְׁלֹשֶׁת, ušlošet
תָּבִין, taviyn
לְמִלִין, lmiliyn
וּזְקֵנִים, uzqeniym
יוֹֹכִיחַ, ywoxiyħa
בְּטֶרֶם, bṭerem
תִשְׂטְמֵנִי, tisṭmeniy
הָפֵץ, hafet͡s
הַפּוּךְ, hapux
הַחֵפֶץ, haħefet͡s
גַּם־כֹּחַ, gam־koħa
גָּרֵי, garey
בִּישִׁישִׁים, biyšiyšiym
וְיָרֵחַ, wyareħa
מֵשִׂים, mesiym
בְּפִי, bfiy
בְּתוֹֹךְ־הָאֵפֶר, btwox־ha'efer
יָדָעוּ, yadaʕu
כִּי־שְׁנוֹֹת, kiy־šnwot
תִּטֹף, tiṭof
אִם־אֲדַבְּרָה, 'im־'adabrah
וְאֶבְיוֹֹן, w'evywon
שֵׁמֶץ, šemet͡s
רֵעֵהוּ, reʕehu
שְׁמֹר, šmor
בְּיַד־אֵל, byad־'el
לִקְרַאת־נָשֶׁק, liqra't־našeq
בְּאָלָה, b'alah
וְאַל־יִרְאֶה, w'al־yir'eh
עַד־תְּבוּנֹתֵיכֶם, ʕad־tvunoteyxem
וְנִשְׁמַת־מִי, wnišmat־miy
פְצָעַי, ft͡saʕay
יִשְׁנוּ, yišnu
וריב, wryv
יִרְבּוּ, yirbu
יָאִיר, ya'iyr
תְּחַיֵנִי, tħayeniy
חֵילִי, ħeyliy
בִּסְרוֹֹ, bisrwo
לְפִיהֶם, lfiyhem
לֹא־נֻפָּח, lo'־nupaħ
אֲשֶׁר־הֵבִיא, 'ašer־heviy'
כִּי־כֹל, kiy־xol
אַל־תְּכַסִי, 'al־txasiy
דַּרְכָּה, darkah
מֵרֹב, merov
וְיַקְהִיל, wyaqhiyl
חלצו, ħlt͡sw
מִפִּי־צָר, mipiy־t͡sar
הַתֵּמָנִי, hatemaniy
אִם־יְבַלְעֶנוּ, 'im־yvalʕenu
לָנוּד־לוֹֹ, lanud־lwo
נָשִׁים, našiym
לָמָה־זֶה, lamah־zeh
מֵאַחֲרָיו, me'aħarayw
וּמְזִיחַ, umziyħa
רֵעָיו, reʕayw
מִזֶרֶם, mizerem
שַׁאֲנָנוּ, ša'ananu
וְיַלְדֵיהֶם, wyaldeyhem
לְתֵימָן, lteyman
וְהֻמְכוּ, whumxu
אַבִּירִים, 'abiyriym
וְאַלְמְנֹתָיו, w'almnotayw
לָעוּ, laʕu
בְּקוֹֹל, bqwol
בַּחַיִין, baħayiyn
לֹא־חָזוּ, lo'־ħazu
עַל־חַטָאתוֹֹ, ʕal־ħaṭa'two
וְהָשַׁמוּ, whašamu
לְכָל־חָי, lxal־ħay
חָזָק, ħazaq
תַלְעִיג, talʕiyg
גֹּבַה, govah
מְלֵחָה, mleħah
וחיתי, wħyty
תְּחַמֵם, tħamem
אֲלָפִים, 'alafiym
גַּם־הַיוֹֹם, gam־haywom
רִשְׁעֶךָ, rišʕexa
מִנִי־רָץ, miniy־rat͡s
וּמִצָהֳרַיִם, umit͡saharayim
עַל־מִפְלְשֵׂי־עָב, ʕal־miflsey־ʕav
עַד־נִבְכֵי־יָם, ʕad־nivxey־yam
תַרְעֵם, tarʕem
עַל־כָּל־בְּנֵי־שָׁחַץ, ʕal־kal־bney־šaħat͡s
נִדְעֲכוּ, nidʕaxu
יִכְרְעוּן, yixrʕun
נִדָּף, nidaf
אֲבָנֶיהָ, 'avaneyha
פִּיהָ, piyha
יְשִׁיבוּנִי, yšiyvuniy
אַרְיֵה, 'aryeh
עַל־רָאשֵׁיהֶם, ʕal־ra'šeyhem
כְּלִי־פָז, kliy־faz
יַגְבִּיהוּ, yagbiyhu
לְשֵׂיבָה, lseyvah
וַיִקָחוּם, wayiqaħum
וְאֶת־מְלָכִים, w'et־mlaxiym
נָגַה, nagah
לִגְדוּדָיו, ligdudayw
שָׁרְשׁוֹֹ, šaršwo
לְבַלְעוֹֹ, lvalʕwo
[שְׁבוּת], [švut]
מִיָדְךָ, miyadxa
אִם־יַזְקִין, 'im־yazqiyn
וְאַתֶּם, w'atem
אַלְפֵי, 'alfey
בִּרְצֹתוֹֹ, birt͡sotwo
כְּבָשַׂי, kvasay
יוֹֹצִאוּ, ywot͡si'u
יַכִּיר, yakiyr
לֹא־חָמָס, lo'־ħamas
עָבִים, ʕaviym
וְיִצְעֲרוּ, wyit͡sʕaru
שַׁלְהָבֶת, šalhavet
זָר, zar
תּוֹֹעָפוֹֹת, twoʕafwot
עִם־מְלָכִים, ʕim־mlaxiym
כָּל־הַיָמִים, kal־hayamiym
תַּחַת־רְשָׁעִים, taħat־ršaʕiym
בְּעָרְפִּי, bʕarpiy
מוֹֹעֵד, mwoʕed
וּלְשׁוֹֹנִי, ulšwoniy
יִגְלֶה, yigleh
[אַחְיוֹֹתֵיהֶם], ['aħywoteyhem]
תְּבַעֲתַנִי, tvaʕataniy
יִקָחֶנוּ, yiqaħenu
וּשְׂבַע־רֹגֶז, usvaʕ־rogez
וְלַכֶּתֶם, wlaketem
כִּי־כִפְלַיִם, kiy־xiflayim
וַיְקִימֵנִי, wayqiymeniy
בְּמוֹֹ, bmwo
בַּשָׂדֶה, basadeh
תְבַעֲתֶךָּ, tvaʕateka
שַׂכְתָּ, saxta
שַׁאֲגַת, ša'agat
לְמוֹֹעֲדֵי, lmwoʕadey
רֵים, reym
תּוֹֹרָה, tworah
נְעָרָי, nʕaray
אִמְרֵי־פִיךָ, 'imrey־fiyxa
יֶחֱצוּהוּ, yeħet͡suhu
לֹא־יִגְרַע, lo'־yigraʕ
בְּעָקֵב, bʕaqev
עָרְבֵנִי, ʕarveniy
בַּמִדְבָּר, bamidbar
הוֹֹפָעְתָּ, hwofaʕta
עֲטָרוֹֹת, ʕaṭarwot
לִפְנֵי־עָשׁ, lifney־ʕaš
וְנֵרוֹֹ, wnerwo
הֱצִיקַתְנִי, het͡siyqatniy
תְּחַזֵק, tħazeq
צִדְקִי־בָה, t͡sidqiy־vah
לַשָׁמַיִם, lašamayim
יִתְמַלָטוּ, yitmalaṭu
וְאַלְמָנָה, w'almanah
יִתְעֹרָר, yitʕorar
וּבְנוֹֹתֶיךָ, uvnwoteyxa
בְּמֹרְדֵי־אוֹֹר, bmordey־'wor
וַיֹשִׁיבֵם, wayošiyvem
הֵן־אֲנִי, hen־'aniy
וּגְבוּרָה, ugvurah
עֲטֶרֶת, ʕaṭeret
עָזַב, ʕazav
לְחֶבְרָה, lħevrah
בְּלִילוֹֹ, bliylwo
וְתֻשִׁיָה, wtušiyah
וְעָרֹם, wʕarom
כִּמְעַט, kimʕaṭ
רְאִיתִיךָ, r'iytiyxa
יִתֶּן־לִי, yiten־liy
וּבִבְשָׂרִי, uvivsariy
שִׁלַחְתָּ, šilaħta
לְשֹׁנוֹֹ, lšonwo
וְלוֹֹ, wlwo
תְּקֻלַל, tqulal
יַעֲנֶנָה, yaʕanenah
כְּקַשׁ, kqaš
בְּצֵאתִי, bt͡se'tiy
וְיַחַד, wyaħad
עַל־בָּנֶיהָ, ʕal־baneyha
וְנִשְׁמָתוֹֹ, wnišmatwo
וּמִשְׁכְּנוֹֹתָיו, umišknwotayw
הֲנִגְלוּ, haniglu
נִתְעָה, nitʕah
עָמַדְתִּי, ʕamadtiy
תִּשְׁטֹף־סְפִיחֶיהָ, tišṭof־sfiyħeyha
בְּשׂוּם־אֱלוֹֹהַ, bsum־'elwoha
הֲתַלְבִּישׁ, hatalbiyš
חָרוּל, ħarul
בְנֵי־שָׁחַץ, vney־šaħat͡s
[דְּרָכָיו], [draxayw]
חַמִים, ħamiym
לַדַּל, ladal
לַמָס, lamas
תַּחְלְפֵהוּ, taħlfehu
הַמְמַלְאִים, hammal'iym
וְטַעַם, wṭaʕam
עִמִי, ʕimiy
הֶעְתִּיקוּ, heʕtiyqu
בְּחָנַנִי, bħananiy
עִם־אַנְשֵׁי־רֶשַׁע, ʕim־'anšey־rešaʕ
תַּרְחִיק, tarħiyq
וְאָנִיעָה, w'aniyʕah
חָי, ħay
וְתִזְכְּרֵנִי, wtizkreniy
רִישׁוֹֹן, riyšwon
הִפְחִיד, hifħiyd
וְכוֹֹנֵן, wxwonen
מַאֲמַצֵי־כֹחַ, ma'amat͡sey־xoħa
אִם־יְשַׂדֵּד, 'im־ysaded
מְשַׁנֶה, mšaneh
לֹא־רַבִּים, lo'־rabiym
יְשׁוּפֵנִי, yšufeniy
לֹא־יַאֲמִין, lo'־ya'amiyn
בַחֲלֹמוֹֹת, vaħalomwot
בְמוֹֹ־אָרֶב, vmwo־'arev
בְּמוֹֹקְשִׁים, bmwoqšiym
הֲרִאישׁוֹֹן, hari'yšwon
אֲבֵלִים, 'aveliym
כֹּרְעוֹֹת, korʕwot
וַיַנְחֵם, wayanħem
וְרַבּוּ, wrabu
יקצירו, yqt͡syrw
יַחְתֹּף, yaħtof
תֹּאכֵל, to'xel
, 
[וְיָדָיו], [wyadayw]
וְשָׁלְחוּ, wšalħu
וְהַשְׁפִּילֵהוּ, whašpiylehu
כָּאֵל, ka'el
שְׁכֵחוּנִי, šxeħuniy
וְאִם־זָכַרְתִּי, w'im־zaxartiy
תַּרְכִּיבֵנִי, tarkiyveniy
וּמֵרָעֵב, umeraʕev
מְצוּלָה, mt͡sulah
כִּי־יַאֲזִין, kiy־ya'aziyn
וידעו, wydʕw
חָזוּ־בוֹֹ, ħazu־vwo
הַרְחַק, harħaq
וּלְשׁוֹֹנָם, ulšwonam
יָצָאתִי, yat͡sa'tiy
אִם־אֶמְאַס, 'im־'em'as
אוֹֹ־אֲדַבֵּר, 'wo־'adaber
יַד־יְהוָה, yad־yhwah
לְהַוָּתִי, lhauatiy
יִשְׂגֶּה, yisgeh
וַאֲחֹתִי, wa'aħotiy
תֶחֱטָא, teħeṭa'
וְשִׁחֲרְתַּנִי, wšiħartaniy
יָרִיעוּ, yariyʕu
מִנִי־עַד, miniy־ʕad
וְאֶפְחַד, w'efħad
וְכָל־אחיתיו, wxal־'ħytyw
בִּלְעֲדֵי, bilʕadey
וְיַמְטֵר, wyamṭer
בְשִׂיחִי, vsiyħiy
וְלֵילוֹֹת, wleylwot
אִם־יִרְבּוּ, 'im־yirbu
נֶזֶם, nezem
אֶת־נַפְשׁוֹֹ, 'et־nafšwo
וְיֻחָקוּ, wyuħaqu
מֵחֵפֶץ, meħefet͡s
הָשְׁלְמָה־לָךְ, hašlmah־lax
וּמֹחַ, umoħa
והיא, why'
הֶחָכָם, heħaxam
חֲדָשִׁים, ħadašiym
אֵמָתִי, 'ematiy
צֶאֱלִים, t͡se'eliym
תֵּמָא, tema'
לְאוֹֹרוֹֹ, l'worwo
יִתְעוּ, yitʕu
רֵיקָם, reyqam
וְדַע, wdaʕ
וַיַחֲנוּ, wayaħanu
אַךְ־אֵלֶה, 'ax־'eleh
נָתְסוּ, natsu
וְאַף־אָמְנָם, w'af־'amnam
שָׁב, šav
מִמְקוֹֹמָה, mimqwomah
בֵית־נָדִיב, veyt־nadiyv
גְּאוֹֹנוֹֹ, g'wonwo
תִּמְשֹׁךְ, timšox
[חֲלָצָיו], [ħalat͡sayw]
וְיַסְגִּיר, wyasgiyr
לֹא־צָדַקְתָּ, lo'־t͡sadaqta
מַה־נִמְרְצוּ, mah־nimrt͡su
לֹא־מְצָאנֻהוּ, lo'־mt͡sa'nuhu
מֶה־עָזַרְתָּ, meh־ʕazarta
וְעַיִשׁ, wʕayiš
מִשֵׂתוֹֹ, misetwo
וְאַגְמֹן, w'agmon
בְּמֹאזְנַיִם, bmo'znayim
יֶחֱרַב, yeħerav
תִּתְפַּלָא־בִי, titpala'־viy
מִבְּלִי־מֶלַח, mibliy־melaħ
כִּנֹרִי, kinoriy
[וְצָפוּי], [wt͡safuy]
אִירָאֶנוּ, 'iyra'enu
עַל־אִשָׁה, ʕal־'išah
בְּמֵעָיו, bmeʕayw
חַיָתוֹֹ, ħayatwo
הַמְחַכִּים, hamħakiym
כִּי־בָטָח, kiy־vaṭaħ
מִנִי־קָרַח, miniy־qaraħ
וָאֲשַׁבְּרָה, wa'ašabrah
וַאֲפַלְטָה, wa'afalṭah
וְכָל־צְעָדָיו, wxal־t͡sʕadayw
בְּיַד־כָּל־אָדָם, byad־kal־'adam
עֲשׁוּקִים, ʕašuqiym
אֶל־נְדִיבִים, 'el־ndiyviym
חוּצוֹֹת, ħut͡swot
וַיֶאֱתָיֵנִי, waye'etayeniy
לִבְקָרִים, livqariym
יְיֵטִיב, yyeṭiyv
הוֹֹדִיעֵנִי, hwodiyʕeniy
וְיָלֹד, wyalod
וַיַחְפְּרֻהוּ, wayaħpruhu
כִּי־יתרו, kiy־ytrw
לִקְבָרוֹֹת, liqvarwot
הַקֹדְרִים, haqodriym
כְּמוֹֹ־אֵלֶה, kmwo־'eleh
וּרְעָדָה, urʕadah
וְאַחֲרִיתְךָ, w'aħariytxa
כַּשִׁכּוֹֹר, kašikwor
נָחוּשׁ, naħuš
מִנֵשֶׁק, minešeq
נָוֵהוּ, nawehu
בְּחַבְלֵי־עֹנִי, bħavley־ʕoniy
וְהֶגֶה, whegeh
מִבִּטְנוֹֹ, mibiṭnwo
מִיֶשַׁע, miyešaʕ
עָגְמָה, ʕagmah
יִשְׂבְּעוּ־לָחֶם, yisbʕu־laħem
וּפִשְׁעֵיהֶם, ufišʕeyhem
וְאֶבֶן, w'even
לִמְשֹׁל, limšol
וַתְּעִידֵנִי, watʕiydeniy
עַד־תַּחְקְרוּן, ʕad־taħqrun
מִנְעוּרַי, minʕuray
הֲתִבְטַח־בּוֹֹ, hativṭaħ־bwo
וְחַנְפֵי־לֵב, wħanfey־lev
קַל־הוּא, qal־hu'
הִבְהִילָנִי, hivhiylaniy
שִׁבֹּלֶת, šibolet
אֶפְעֶה, 'efʕeh
כִי־אֲיַחֵל, xiy־'ayaħel
תָּמִית, tamiyt
תֵלֵד, teled
וְגִידִים, wgiydiym
קֶדֶם, qedem
שרידו, שrydw
וְלֹא־יָשׁוּב, wlo'־yašuv
בקדשו, vqdשw
וּבַלַיְלָה, uvalaylah
מֵעֹנִי, meʕoniy
אַבְנֵי־קָלַע, 'avney־qalaʕ
תָּשֻׁבוּ, tašuvu
שִׁנָי, šinay
אַךְ־בְּשָׂרוֹֹ, 'ax־bsarwo
יַעְצֹר, yaʕt͡sor
הֶן־אֵלֶה, hen־'eleh
יָנוּחַ, yanuħa
כִּי־תָשִׂים, kiy־tasiym
אִם־יַעֲלֶה, 'im־yaʕaleh
וְלֹא־אָט, wlo'־'aṭ
אַף־עַל־זֶה, 'af־ʕal־zeh
כִּידוֹֹדֵי, kiydwodey
תֵּדְעוּן, tedʕun
גִלְדִּי, gildiy
נִכְזָבָה, nixzavah
וְיֶעְתַּק־צוּר, wyeʕtaq־t͡sur
עַל־הַגְּמַלִים, ʕal־hagmaliym
וְיִכָּתְבוּן, wyikatvun
וְיִתְלֹנָן, wyitlonan
מִי־נָתַן, miy־natan
וּבְכָפָן, uvxafan
עַל־תֹּהוּ, ʕal־tohu
לֹא־שֶׁקֶר, lo'־šeqer
אִישׁ־בְּאָחִיהוּ, 'iyš־b'aħiyhu
וּבִרְכַּיִם, uvirkayim
מִצְעָר, mit͡sʕar
לְפָעֳלָם, lfaʕalam
לֵאלֹהִים, le'lohiym
כְּעַפְעַפֵּי־שָׁחַר, kʕafʕapey־šaħar
אֶבְיוֹֹן, 'evywon
קוֹֹל־פְּחָדִים, qwol־pħadiym
יְנִדֻּהוּ, yniduhu
לֹא־נַעֲרֹךְ, lo'־naʕarox
מִטָמֵא, miṭame'
לְבוּשׁוֹֹ, lvušwo
נִבְחֲרָה־לָנוּ, nivħarah־lanu
פָּתַחְתִּי, pataħtiy
וּלְהַצְמִיחַ, ulhat͡smiyħa
בְלִי־מָיִם, vliy־mayim
עֹדֶנוּ, ʕodenu
בְּשִׁנָיו, bšinayw
בְּקִרְבּוֹֹ, bqirbwo
יְשַׁלַח־בּוֹֹ, yšalaħ־bwo
אֶת־אַחֲרִית, 'et־'aħariyt
הַמְשֵׁל, hamšel
