word, trans
ዘለዎ’የ, zäläwo’yä
ንስኻትኩም, nsKatkum
ደምን, dämn
ሓያላት, ħayalat
ናባይ, nabay
ኪብል, kibl
ክኸውን, kKäwn
ሰይመ, säymä
ንመስዋእቲ, nmäswa'ti
ጽዮን, ṣyon
ሶርያ, sorya
ንሰማማዕ, nsämamaʕ
ኣባጊዕ, 'abagiʕ
ጎሪሑ, goriħu
ከተማታት, kätämatat
ስሙ, smu
ሙግራሕ, mugraħ
ዓመጻ, ʕamäṣa
ኣስመራ, 'asmära
ዝነውነዎ, znäwnäwo
ሰናዶይ, sänadoy
ውቁጥ, wquT
ዜብሎም, zeblom
ህዝበይ, hzbäy
ፍግም, fgm
ወዱ, wädu
ስብከት, sbkät
ኣምላኽ, 'amlaK
እዮም, 'yom
መዝገብ, mäzgäb
ተረፍ, täräf
ብሪ, bri
ነባዒት, näbaʕit
ኣፍወርቂ, 'afwärqi
ይወጽእ, ywäṣ'
ሓንቲ, ħanti
መጠን, mäTän
ዘዝመጻ, zäzmäṣa
ኪዱ, kidu
ኸለዉ, Käläwu
ብሩር, brur
ሞት, mot
ብኢድ, b'id
ናይሎን, naylon
ከምኡ, käm'u
ብልዒ, blʕi
ኢለካ, 'iläka
ስምካ, smka
ሓሳብ, ħasab
ምርኮ, mrko
ጠሊ, Täli
ፍቕራ, fQra
ሕጻን, ħṣan
ድሙቕ, dmuQ
መንደቕ, mändäQ
ስኒ, sni
ገይረ, gäyrä
ምላሽ, mlaš
ርጉም, rgum
ስግር, sgr
ሰይጣን, säyTan
ካብታ, kabta
ጩራ, Čura
ብዓብዪ, bʕabyi
ንእሽቶይ, n'štoy
ሰደደ, sädädä
ብኣካል, b'akal
ኢደይ, 'idäy
ንነፍሰይ, nnäfsäy
እኽለ, 'Klä
ለይቲ, läyti
ኣፍ, 'af
ብመገዲ, bmägädi
ዝዀኑ, zkʷänu
ኣቦታትና, 'abotatna
ማይ, may
ምሳኻ, msaKa
ዘይቲ, zäyti
ጐይታ, gʷäyta
ኣምላኽና, 'amlaKna
ፈትየ, fätyä
ቓላት, Qalat
ህዝባ, hzba
ሓሸውሸዋ, ħašäwšäwa
በለለይ, bäläläy
ክዳን, kdan
እንታይ, 'ntay
መንግስቲ, mängsti
ኤርምያስ, 'ermyas
ቦታ, bota
ርኽሰት, rKsät
ተኸደና, täKädäna
ድሕሪ, dħri
ገንሸል, gänšäl
ካብቲ, kabti
ኸረን, Kärän
ጃልባ, ǧalba
ሰማይ, sämay
ኣጽዋር, 'aṣwar
ዘትሓትት, zätħatt
ኣስሚር, 'asmir
በልዎ, bälwo
ሰብ, säb
ትግርኛ, tgrña
ትፈልጥ, tfälT
በሎም, bälom
እንተ, 'ntä
ውሰድ, wsäd
ኻብ, Kab
ትእዛዛት, t'zazat
ዝኣመነካ, z'amänäka
ከላ, käla
ስለምንታይከ, slämntaykä
ሃገራት, hagärat
ዓለም, ʕaläm
መጀመርታ, mäǧämärta
ጊልዓድ, gilʕad
ዓለባ, ʕaläba
እየ, 'yä
ዘይትን, zäytn
ኣባይ, 'abay
ንኸተማ, nKätäma
ብብዙሕ, bbzuħ
ቅናት, qnat
ጠባይ, Täbay
ጾር, ṣor
ታቦት, tabot
ግብሩ, gbru
ንኣሮንን, n'aronn
ኣጋጣሚ, 'agaTami
ዒላም, ʕilam
ዘይጸናዒት, zäyṣänaʕit
እብል, 'bl
ኣርሒቐ, 'arħiQä
ኣዒንተይ, 'aʕintäy
ንውግእ, nwg'
ርኹስ, rKus
ርባ, rba
ገርሁ, gärhu
ሓምሳን, ħamsan
ንህዝበይ, nhzbäy
ኪኸይድ, kiKäyd
የሁ, yähu
ነዌ, näwe
ሓለውቲ, ħaläwti
ሳኦል, sa'ol
ወይ, wäy
ሪአኪ, ri'äki
ዝዀነ, zkʷänä
ምስ’ዚ, ms’zi
ደቁን, däqun
ከኣ, kä'a
ተቐየረ, täQäyärä
ከአ, kä'ä
ርእሲ, r'si
እስራኤልን, 'sra'eln
ሲቃል, siqal
ኣማራጽ, 'amaraṣ
ሾብዓተ, šobʕatä
ኢሉኒ, 'iluni
ኣኽራን, 'aKran
ልሳን, lsan
ልሙድ, lmud
ባህ, bah
ብስጋ, bsga
እናጠዓሞ, 'naTäʕamo
መንገሻ, mängäša
ንዳዊት, ndawit
ግራት, grat
ሰማይን, sämayn
ንግሆ, ngho
ትእምርቲ, t'mrti
ስኒት, snit
ኣብቶም, 'abtom
ፍርዲ, frdi
ሓራ, ħara
ከናፍር, känafr
ያሬድ, yared
ርእሰይ, r'säy
ዝፋን, zfan
ተንሲኦም, tänsi'om
ጸጋ, ṣäga
ኣምሪሐ, 'amriħä
ደጋፍ, dägaf
እመነሉ, 'mänälu
ናብዛ, nabza
ደቢኑ, däbinu
ደርጊ, därgi
ካብ, kab
የብልክን, yäblkn
ጎደሎ, godälo
ደየቡ, däyäbu
ፍቓድ, fQad
ኻህናት, Kahnat
ዘይከሓድ, zäykäħad
ጣኦታት, Ta'otat
ርስቲ, rsti
ዝነበረ’የ, znäbärä’yä
ቓል, Qal
ዓሰርተ, ʕasärtä
ኣብልባ, 'ablba
ከይዶም, käydom
ኸም, Käm
ጥበበኛ, Tbäbäña
ንሓድሕዶም, nħadħdom
ደሓን, däħan
ይኩን, ykun
ንሰብ, nsäb
ይዝከረኒ, yzkäräni
እናሃብኩ, 'nahabku
ዘይብሉ, zäyblu
ኣሮንን, 'aronn
ግንባራ, gnbara
ተለወጠ, täläwäTä
ኣገልግሎት, 'agälglot
ገጾም, gäṣom
ኮይኑ, koynu
ሎምስ, loms
ክዳውንቱ, kdawntu
ተቖጻጸ, täQoṣaṣä
ወዲ, wädi
ንነፍሲ, nnäfsi
ዓዲ, ʕadi
መጽሓፍ, mäṣħaf
ምሕረቱ, mħrätu
ደንጉየ, dänguyä
ክመኽረካ, kmäKräka
እንተሎ, 'ntälo
ሽፎን, šfon
ደቡብ, däbub
ይኸይድ, yKäyd
ግዳ, gda
ንህዝቡ, nhzbu
ክንዳኡ, knda'u
ካብኣ, kab'a
ተኣምራት, tä'amrat
ዘካርያስ, zäkaryas
ደአ, dä'ä
ማሕበር, maħbär
ዓይነት, ʕaynät
ፍልጠት, flTät
ክነግረካ, knägräka
ግበሮ, gbäro
እዚውን, 'ziwn
መንግስቱ, mängstu
ምሸት, mšät
መጺኦም, mäṣi'om
ወይኒ, wäyni
ካባታቶም, kabatatom
ዝመጹ, zmäṣu
ም, m
ኣምላኽሲ, 'amlaKsi
ጽቡቕ, ṣbuQ
ስምዓኒ, smʕani
ብእግዚኣብሄር, b'gzi'abher
መለሰሉ, mäläsälu
ንዚሐርር, nziħärr
እምነቱ, 'mnätu
ዮናታን, yonatan
ነገስት, nägäst
ኣቦታቱ, 'abotatu
ጕድጓድ, gʷdgʷad
ይበርህ, ybärh
ዝተሸርበት, ztäšärbät
ምፍታው, mftaw
ኰነ, kʷänä
ምስጋና, msgana
ዝስሙ, zsmu
ክትጥለም, ktTläm
ጎይትኦም, goyt'om
ዕረ, ʕrä
ፍቕሪ, fQri
መዓልቲ, mäʕalti
ዝሑው, zħuw
ንእግዚኣብሄር, n'gzi'abher
ብሄራት, bherat
ብርግጽ, brgṣ
ሹም, šum
ናትካ, natka
ኻብቲ, Kabti
ነገሮ, nägäro
መለኸት, mäläKät
ምሉእ, mlu'
ዘሎኹም, zäloKum
ሕጅስ, ħǧs
ገበሮ, gäbäro
ዮሳፋጥ, yosafaT
ተጽሒፉ, täṣħifu
ሳኦልን, sa'oln
ነብያት, näbyat
ብምኻድ, bmKad
ይኹን, yKun
ዓሰርተው, ʕasärtäw
ሊቀ, liqä
ሓላል, ħalal
ገዛይ, gäzay
ሓዉ, ħawu
የሩሳሌም, yärusalem
ሓለቓ, ħaläQa
ዓያሱ, ʕayasu
ሕጂ, ħǧi
ብድሕሪኡ, bdħri'u
ህቦብላ, hbobla
ናይ, nay
ነዞም, näzom
ገጽካ, gäṣka
በብማይ, bäbmay
ኣእዳዎም, 'a'dawom
ክሳዕ, ksaʕ
ደቀሰ, däqäsä
ርኤኹ, r'eKu
ብኡብኡ, b'ub'u
በዚሑ, bäziħu
ከባቢኣን, käbabi'an
ዚገብር, zigäbr
ነውሪዩ, näwriyu
ዝዓበየት, zʕabäyät
ብርሃነ, brhanä
ወይስ, wäys
ደም, däm
ግርማኺ, grmaKi
ዶብ, dob
ሓላቑ, ħalaQu
ልዕሊኦም, lʕli'om
ከምሕረላ, kämħräla
ሽዑ, šʕu
ምስቲ, msti
ቅድሚኡ, qdmi'u
በዛ, bäza
ካህናትን, kahnatn
ከይዱ, käydu
እተዛረቦ, 'täzaräbo
እምኒ, 'mni
ዮርሳሌም, yorsalem
ሰማዕኩ, sämaʕku
ጾራ, ṣora
ንምንታይ, nmntay
ኣቕሓ, 'aQħa
ወይዘሮ, wäyzäro
ኣንበሳ, 'anbäsa
እከይ, 'käy
ገጽ, gäṣ
ብመዓልቲ, bmäʕalti
ዓው, ʕaw
ንጉስን, ngusn
ምድሪ, mdri
ኣይኰንኩን, 'aykʷänkun
ሰትየ’ዶ, sätyä’do
ኣቲ, 'ati
ዳንኤል, dan'el
ክንሰፍራ, knsäfra
ንብረቱ, nbrätu
ኢትዮጲያ, 'ityoPiya
እተዊ, 'täwi
ስለምንታይ, slämntay
ኢሉ, 'ilu
ክደነኒ, kdänäni
አሎኹም, 'äloKum
ንብጻዩ, nbṣayu
ኣበይ, 'abäy
ሰብዓ, säbʕa
ፍቕር’ዩ, fQr’yu
ሞቱ, motu
እንደሞ, 'ndämo
ባህታ, bahta
ብስለት, bslät
ቅድሜኹም, qdmeKum
ህያዋን, hyawan
ምሳካ, msaka
ሚእቲ, mi'ti
ሃገር, hagär
ሰማያት, sämayat
እፈልጥ, 'fälT
እንጣጢዕ, 'nTaTiʕ
ፈርኦን, fär'on
እታ, 'ta
ንጣብ, nTab
ተፋሊጠ, täfaliTä
ርእዩ, r'yu
ከምዚካ, kämzika
ዚዛረብ, zizaräb
ወሲዱ, wäsidu
ፍልስጥኤማውያን, flsT'emawyan
እግሪ, 'gri
ዝአዘዞ, z'äzäzo
ሀብዎም, häbwom
ዓይኒ, ʕayni
ጭፍራ, Čfra
ንዕኡ’ዩ, nʕ'u’yu
ሓባር, ħabar
ግዜ, gze
ኣብዚ, 'abzi
መቐረት, mäQärät
ብስኒት, bsnit
ጸልማት, ṣälmat
ንህዝቢ, nhzbi
ጊብዓ, gibʕa
ለሰ, läsä
ክኢላ, k'ila
ሰፈሩ, säfäru
ቁናኖይ, qunanoy
ከኣሎ, kä'alo
ሓጺን, ħaṣin
ጽልኣያ, ṣl'aya
ሳሚ, sami
ወራራት, wärarat
ድኹም, dKum
በዅሪ, bäkʷri
ዕጭ, ʕČ
ባዕሉ, baʕlu
ዲዩ, diyu
ጥበብ, Tbäb
ንንጉስ, nngus
ዘሳኒ, zäsani
ልባ, lba
መንጽር, mänṣr
ነገርዚ, nägärzi
ዂላቶም, kʷilatom
ዅሎም, kʷlom
ኣይሕመሞ, 'ayħmämo
ከሰተ, käsätä
ነገዳት, nägädat
እስከባ, 'skäba
ንኸይድ, nKäyd
ኣዕዋፍ, 'aʕwaf
በዚሕኒሎ, bäziħnilo
ተመስገን, tämäsgän
ህዝብን, hzbn
ብለይቲ, bläyti
ለይትን, läytn
ዂሉ, kʷilu
ምናሴ, mnase
ታይ, tay
እንሆ, 'nho
ንዮሴፍ, nyosef
ኰኑ, kʷänu
ንገርኒ, ngärni
ኣቢሎም, 'abilom
ሲኦል, si'ol
ሓውሰሉ, ħawsälu
ሽታ, šta
ብወገን, bwägän
ከናፍራ, känafra
ሹድሽተ, šudštä
በለኒ, bäläni
ብጀካ, bǧäka
ንየሱስ, nyäsus
ሹማምቲ, šumamti
ብልቡ, blbu
ኣቦኡ, 'abo'u
ህዝብኻ, hzbKa
እተገብረ, 'tägäbrä
እኳ, 'kʷa
ኣዳነይ, 'adanäy
ዘለዋ, zäläwa
ወለደ, wälädä
ቤት, bet
ርግጽ, rgṣ
ድሕሪት, dħrit
ኣጽኒዕና’ወ, 'aṣniʕna’wä
ኣምላኽን, 'amlaKn
ተመልሰ, tämälsä
የሩሳሌምን, yärusalemn
ፍጹም, fṣum
ንውሉድ, nwlud
ኣሳ, 'asa
በቲ, bäti
ኣቦታትኩም, 'abotatkum
እዋን, 'wan
መወዳእታ, mäwäda'ta
ዜብሉ, zeblu
ነበሮ, näbäro
ሰለስተን, sälästän
ገበርቲ, gäbärti
ንርስቲ, nrsti
ሰሓቕ, säħaQ
ሀቦ, häbo
ኢልካ, 'ilka
ከሎኹ, käloKu
ንዅሎም, nkʷlom
ኣዘዘ, 'azäzä
ጲላጦስ, PilaTos
ዕድመ, ʕdmä
ሽምዓ, šmʕa
ንበይኑ, nbäynu
ኣብዛ, 'abza
ምሳታቶም, msatatom
ከጸናንዓ, käṣänanʕa
ወይንን, wäynn
ብሓዊ, bħawi
ንኣኻ, n'aKa
ገጻ, gäṣa
ብዘይካ, bzäyka
በዚ, bäzi
ሞተ, motä
ኤረ, 'erä
ንምኽረይ, nmKräy
ፋስጋ, fasga
አለዉ, 'äläwu
ርእስኻ, r'sKa
ስጋ, sga
ሒዙ, ħizu
ኣሕዋት, 'aħwat
ኸኣ, Kä'a
ኪፈልጡ, kifälTu
ከፍቅረኒ, käfqräni
ዳዊትን, dawitn
ዙርያኡ, zurya'u
ዋይ, way
ኲላ, kʷila
ደለየ, däläyä
ኸምዚ, Kämzi
ሰሰልሰለይ, säsälsäläy
ክነብረኒ, knäbräni
ንዘለኣለም, nzälä'aläm
ድሕርዚ, dħrzi
ህዝቢ, hzbi
ጸማም, ṣämam
ቐያሕ, Qäyaħ
ውጹእ, wṣu'
ኣተወ, 'atäwä
ኣራዊት, 'arawit
ክኸይድ, kKäyd
ኣሕዋተየ, 'aħwatäyä
ዘብዔኛታት, zäbʕeñatat
ዘለዉ, zäläwu
ወዲእኻዮ, wädi'Kayo
ማያት, mayat
ተቐሚጦም, täQämiTom
ውግእ, wg'
ሞይቁኒ, moyquni
ማዕረ, maʕrä
እግዚኣብሄር, 'gzi'abher
ጽሩይ, ṣruy
ንላዕሊ, nlaʕli
እልል, 'll
ዝመጸ, zmäṣä
ደቁ, däqu
ኣፍሪቃ, 'afriqa
ሒደት, ħidät
ኣፈይ, 'afäy
ኣብኡ, 'ab'u
ጽን, ṣn
ጽብቕቲ, ṣbQti
ምዉቕ, mwuQ
ምኽሪ, mKri
ሓበሻ, ħabäša
ማንታ, manta
ጥቓ, TQa
ብጽሒ, bṣħi
ቛንቛ, QʷanQʷa
ኣይሁድ, 'ayhud
ንገሮም, ngärom
ዋጋ, waga
ዝናም, znam
ደሃያ, dähaya
እያ, 'ya
ካባኻትኩም, kabaKatkum
ድቤላ, dbela
ተቐሚጡ, täQämiTu
ቅዱሳን, qdusan
ሃገርክንሽሕን, hagärknšħn
እግዚኣብሄርን, 'gzi'abhern
ፈጣሪ, fäTari
ናብኣ, nab'a
እቲኣ, 'ti'a
ኣርባዕተን, 'arbaʕtän
እየን, 'yän
ጳውሎስ, Pawlos
መጹ, mäṣu
ኸደ, Kädä
ብክርስቶስ, bkrstos
ኣድኪምዋ, 'adkimwa
ረሲእ, räsi'
ዮርዳኖስ, yordanos
ይከኣሎ, ykä'alo
ዓበይቲ, ʕabäyti
ኣጨኒቕኒ, 'aČäniQni
በይንኻ, bäynKa
ንዅሉ, nkʷlu
ንኣታቶም, n'atatom
እኽሊ, 'Kli
ኮፍ, kof
ህያው, hyaw
ገንዘብ, gänzäb
ወጺኦም, wäṣi'om
ውሉድ, wlud
ሓዘለይ, ħazäläy
የማነይቲ, yämanäyti
ጽሑፍ, ṣħuf
ባርያይ, baryay
ንምድሪ, nmdri
ዝኣምና, z'amna
መገዲ, mägädi
ሴኬም, sekem
ኵሉ, kʷlu
ደው, däw
ኪድ, kid
ግብሪ, gbri
እንዳተጎዳእኻ, 'ndatägoda'Ka
ምድሓን, mdħan
ዚብሉ, ziblu
ክተትየ, ktätyä
ቀረባ, qäräba
ዚወጽእ, ziwäṣ'
ናባኻትኩም, nabaKatkum
ባሕሪ, baħri
ወሲዶም, wäsidom
ብእኣ, b''a
ምጭውቲ, mČwti
ኣበባ, 'abäba
በሉ, bälu
ብናይ, bnay
ሓንሳእ, ħansa'
ከንቱ, käntu
ስብሒ, sbħi
ማእከል, ma'käl
ንሕና, nħna
ሰረገላ, särägäla
ሕቕፎኣብ, ħQfo'ab
ሃብኒ, habni
ኣፉ, 'afu
ብዂሉ, bkʷilu
ዉዕቁዕ, wuʕquʕ
ኣስራዚ, 'asrazi
መዓልትታት, mäʕalttat
ኣዝዮም, 'azyom
ኽንደይ, Kndäy
ስፍራ, sfra
ስእሊ, s'li
ኽትከውን, Ktkäwn
ኣሜን, 'amen
ከምዚ, kämzi
ተጓይየ, tägʷayyä
ግርማ, grma
ትልለ, tllä
ደድሕሪ, dädħri
እዘን, 'zän
ዘይርስዖ, zäyrsʕo
ኽቡር, Kbur
ክርስቶስን, krstosn
ካብቶም, kabtom
ሰርሔ, särħe
ህዝቅኤል, hzq'el
የብሎምን, yäblomn
ኣለው, 'aläw
ኣነ, 'anä
ይኸውን, yKäwn
ሕቖአን, ħQo'än
እስኪ, 'ski
ዝኣዘዞ, z'azäzo
ኪዳን, kidan
የቐኔለይ, yäQäneläy
ብዕራይ, bʕray
መዓት, mäʕat
ክንዲ, kndi
ምርኣይ, mr'ay
ኣዒንትኻ, 'aʕintKa
ሓጢኣት, ħaTi'at
በለጸት, bäläṣät
ጓሶት, gʷasot
መግቢ, mägbi
ቅድመይ, qdmäy
አሎና, 'älona
መቂሩ, mäqiru
ቀጸለ, qäṣälä
ምዃኑ, mkʷanu
ኣእማን, 'a'man
ንዝሓለፉንዘለና, nzħaläfunzäläna
ብህይወት, bhywät
ዘይብልኪ, zäyblki
ነብስኻየ, näbsKayä
መንነት, männät
ሰምዑ, sämʕu
ኣኼባ, 'aKeba
ዘጸአት, zäṣä'ät
ናባኺ, nabaKi
ኣንስትን, 'anstn
ዮሃንስ, yohans
ዚኸውን, ziKäwn
ገበረ, gäbärä
ሀቦም, häbom
ንከባበር, nkäbabär
ትኪ, tki
ናይዛ, nayza
ኣይተረፍኩን, 'aytäräfkun
ባሕርን, baħrn
ዘበሉ, zäbälu
ድማ, dma
ብሓንቲ, bħanti
ወግሐ, wägħä
ዓይና, ʕayna
እግሩ, 'gru
ብዘላ, bzäla
ረኣየ, rä'ayä
ወርትግ, wärtg
ፍንፉን, fnfun
አሎ, 'älo
ዚደሊ, zidäli
ሃይማኖት, haymanot
ሎሚ, lomi
ኣጸድ, 'aṣäd
ይስማዕ, ysmaʕ
መሰውኢ, mäsäw'i
ብሰይፊ, bsäyfi
ብስመይ, bsmäy
ኹን, Kun
ኽሳዕ, Ksaʕ
እናበሉ, 'nabälu
ካልኣይ, kal'ay
እዝኒ, 'zni
እዩ, 'yu
ሒዛ, ħiza
ሳዕ, saʕ
ጓና, gʷana
ጸበባ, ṣäbäba
ኣሎኻ, 'aloKa
ወረዱ, wärädu
ጅግና, ǧgna
ክልተ, kltä
ዝኾስኮሶ, zKoskoso
በል, bäl
ኺድ, Kid
ጥንቲ, Tnti
ዕዮ, ʕyo
ኣባኻ, 'abaKa
ሊቃውንቲ, liqawnti
ዝነበረ, znäbärä
ጌረ, gerä
ነገድ, nägäd
ዘመን, zämän
ኽፉእ, Kfu'
ኣትዩ, 'atyu
ኤፍሬም, 'efrem
ሓጐስ, ħagʷäs
ቅድም, qdm
ሰሚዑ, sämiʕu
ክልቲኦም, klti'om
መስተ, mästä
በሎ, bälo
ንእስራኤል, n'sra'el
ንኻልኦት, nKal'ot
ዮሐንስ, yoħäns
ኢያ, 'iya
ጻድቕ, ṣadQ
ገላዉ, gälawu
ካባይ, kabay
ታይሞ, taymo
ሽሕን, šħn
ይሁዳ, yhuda
ትርጉም, trgum
ኻብኡ, Kab'u
ጊዜ, gize
በረኻ, bäräKa
ብዝሒ, bzħi
ስዉር, swur
ገጹ, gäṣu
ጽርግያ, ṣrgya
መገዱ, mägädu
ቤተይ, betäy
መበል, mäbäl
ዕረፍቲ, ʕräfti
ዓበይትን, ʕabäytn
ኣባጊዕን, 'abagiʕn
እያሱ, 'yasu
ተቐመጡ, täQämäTu
ናብታ, nabta
መስመስታ, mäsmästa
ምዕራብ, mʕrab
ኣጽኒዕና, 'aṣniʕna
ገብሩ, gäbru
ህዝቡ, hzbu
ዝገበርዎ, zgäbärwo
ኣሕሊፉ, 'aħlifu
ግዲ, gdi
ኢኹም, 'iKum
ዝበሎ, zbälo
ሃብቲ, habti
ኣፍራስ, 'afras
ጐይታኡ, gʷäyta'u
ኣለዎ, 'aläwo
ጨንፈር, Čänfär
ኾን, Kon
ሕውነትና, ħwnätna
ሪአ, ri'ä
ጀሚሩ, ǧämiru
ኽብረት, Kbrät
ሰላሳ, sälasa
ይመጽእ, ymäṣ'
ዘይጠዓምናዮ, zäyTäʕamnayo
ገምገም, gämgäm
ቓላ, Qala
በሉለይ, bäluläy
ደጌታት, dägetat
ሳብዐይቲ, sabʕäyti
ኣሎኹም, 'aloKum
ስለዚ, släzi
ዀነት, kʷänät
ብዘሎ, bzälo
በዓል, bäʕal
ኣቦ, 'abo
እዚኣ’ያ, 'zi'a’ya
ዘለዎ, zäläwo
ወንጌል, wängel
መሊሱ, mälisu
ስምዑ, smʕu
መካበብያ, mäkabäbya
እንሃ, 'nha
ዘይጠሓሊት, zäyTäħalit
ናብቲ, nabti
ከይከይድ, käykäyd
ብመንፈስ, bmänfäs
ቅድሜኻ, qdmeKa
ኻባይ, Kabay
ወዘራዝሮ, wäzärazro
ንዂሎም, nkʷilom
ኣቦኻ, 'aboKa
ኢና”, 'ina”
ጽድቂ, ṣdqi
ለኪምካኒ, läkimkani
ተስፋይ, täsfay
ናትካስ, natkas
ውሽጥኻ, wšTKa
ጋሻ, gaša
ዘርኢ, zär'i
ብዅሉ, bkʷlu
ኣህዛብ, 'ahzab
ቬሎ, velo
ጌርካ, gerka
ንርእሱ, nr'su
የሱስ, yäsus
ምድርን, mdrn
ዘበን, zäbän
ናብዚ, nabzi
ዀይኖም, kʷäynom
ኺዳን, Kidan
ብእምነት, b'mnät
ሴፍ, sef
ይንበር, ynbär
ኣብኣ, 'ab'a
ዅሉ, kʷlu
ተሳቕየ, täsaQyä
ዝበካ, zbäka
ግናኸ, gnaKä
መጓሰ, mägʷasä
ኣድጊ, 'adgi
ላዕሊ, laʕli
ፈረቓ, färäQa
ንሱን, nsun
ታሓላል, taħalal
የሮብዓም, yärobʕam
እኔኹ, 'neKu
ሌዋውያንን, lewawyann
ኣስቴር, 'aster
ምሳይ, msay
ተጣዪሰ, täTayisä
ትዝመኽረካ, tzmäKräka
ካብዚ, kabzi
ከተሳሊ, kätäsali
ዂሎም, kʷilom
ሳዕሳዕካ, saʕsaʕka
ፍትውቲ, ftwti
ጉሬ, gure
ራብዓይ, rabʕay
ንፍትሒ, nftħi
ደብዳበ, däbdabä
ኩን, kun
ኣዒንቲ, 'aʕinti
ኢለ, 'ilä
እቶ, 'to
ንዓ, nʕa
ሳልሰይቲ, salsäyti
ኣእዋም, 'a'wam
ዒላመይ, ʕilamäy
ኣሎና, 'alona
ነበረ, näbärä
ደረተይ, därätäy
ደሙ, dämu
ኹሉ, Kulu
ንፋስ, nfas
ጸሎት, ṣälot
ኣምላኽኩም, 'amlaKkum
ዝለኣኸኒ, zlä'aKäni
ኩዒተ, kuʕitä
ጸላኢ, ṣäla'i
ሒዞም, ħizom
ዘይጭምረረ, zäyČmrärä
ዔላ, ʕela
ንጉስ, ngus
ተመኔ, tämäne
ጉርሒ, gurħi
ክጸልእ, kṣäl'
ላባን, laban
ብድድ, bdd
ኣይኰነን, 'aykʷänän
ንኣኻትኩም, n'aKatkum
ቐዳማይ, Qädamay
ነይረ, näyrä
ንሱ, nsu
ማርያም, maryam
ነገር, nägär
ራእይ, ra'y
ኔሩ, neru
ዘይፈልቶ, zäyfälto
ውቃበይ, wqabäy
ኢላ, 'ila
ገይዱ, gäydu
ዱር, dur
ተቐይሩ, täQäyru
ነገርዎ, nägärwo
ደኣ, dä'a
ግልጽ, glṣ
ደዪቡ, däyibu
ንዂሉ, nkʷilu
ነበረት, näbärät
ርሒቕኪ, rħiQki
ነቦኡ, näbo'u
ተሰናቢተ, täsänabitä
ደየበ, däyäbä
ሰትያ, sätya
ንሙሴን, nmusen
ገዝኤ, gäz'e
ነገስታት, nägästat
ክባኻየ, kbaKayä
ርሑቕ, rħuQ
ጸብሐ, ṣäbħä
ሰበይቱ, säbäytu
ኽፍሊ, Kfli
እዚኤን, 'zi'en
ዕላማ, ʕlama
ናይታ, nayta
ጸዊዑ, ṣäwiʕu
ኣይነበረን, 'aynäbärän
ቀዳሞት, qädamot
መዓስ, mäʕas
ወገን, wägän
ልቦም, lbom
ወይ’ውን, wäy’wn
ሰንበት, sänbät
ኣቦታት, 'abotat
ክትኣቱ, kt'atu
ስርዓት, srʕat
ሰብኣይ, säb'ay
ወከፍ, wäkäf
ገለ, gälä
እዞም, 'zom
ቃል, qal
ኤልያስ, 'elyas
ድፍዐይ, dfʕäy
ወላዲት, wäladit
ኣብቲ, 'abti
ኣእዳው, 'a'daw
ናባታቶም, nabatatom
ዓሳ, ʕasa
ነብሰይ, näbsäy
ብኣይ, b'ay
ረኣዩ, rä'ayu
ምድሪውን, mdriwn
ምስኣ, ms'a
ተፈጢሩ, täfäTiru
ዝበሉ, zbälu
ኣመሌ, 'amäle
ቆርጫጭ, qorČaČ
እብለኩም, 'bläkum
ኣቦታቶም, 'abotatom
ሰለስተ, sälästä
ተስፋ, täsfa
ዘስተውዓሉ, zästäwʕalu
ኪዳ, kida
ዘይጠዓምክን, zäyTäʕamkn
ክዉን, kwun
ሃዋርያት, hawaryat
ዝገበረ, zgäbärä
ምንባር, mnbar
ምእንቲ, m'nti
ጐይታየ, gʷäytayä
ቻው, čaw
ዝዓገሶ, zʕagäso
ዝተረፉ, ztäräfu
እሞ, 'mo
ዓባይ, ʕabay
ንኣብርሃም, n'abrham
ኣቤሴሎም, 'abeselom
ኣምላኽካ, 'amlaKka
ሰምዔ, sämʕe
በረኽቲ, bäräKti
እቲ, 'ti
ዚነብሩን, zinäbrun
ኣዒንቱ, 'aʕintu
እስራኤል, 'sra'el
ንልበይ, nlbäy
ለዋህ, läwah
ስምዒት, smʕit
ምርኻብ, mrKab
ሃገራ, hagära
ኔረሞ, nerämo
ተጠንቀቑ, täTänqäQu
ከዕልላ, käʕlla
ልበይ, lbäy
ረብሓና, räbħana
ዓቕመይ, ʕaQmäy
ምብራቕ, mbraQ
ዚኽእል, ziK'l
የልቦን, yälbon
ኣብነት, 'abnät
ደቂ, däqi
ጌርኩም, gerkum
ነቶም, nätom
ንፈርኦን, nfär'on
“ኣጆኺ, “'aǧoKi
ጓኖት, gʷanot
ኽልተ, Kltä
ምስናይ, msnay
እንትርፎ, 'ntrfo
ትብል, tbl
ሀበኒ, häbäni
ሰላሳን, sälasan
ምዕራፍ, mʕraf
ዘይኰነ, zäykʷänä
ዮኣብ, yo'ab
ናህሪ, nahri
ብዘይ, bzäy
ኣቢለ, 'abilä
ክፉእ, kfu'
ኣስፈሃ, 'asfäha
ምኽንያት, mKnyat
ሓሙሽተን, ħamuštän
ዘለኣለም, zälä'aläm
ቤትኤል, bet'el
መላእኽቲ, mäla'Kti
ዘለው, zäläw
ፈሪሳውያን, färisawyan
ልዕሊ, lʕli
ነገሰ, nägäsä
ወጺኡ, wäṣi'u
ሌዋውያን, lewawyan
ኩለንትነኣ, kuläntnä'a
ክልተን, kltän
መሬት, märet
መስዋእትን, mäswa'tn
ዓስራይ, ʕasray
ወሰደ, wäsädä
ሶርያውያን, soryawyan
ንሓደ, nħadä
የብሉን, yäblun
ዚመጽእ, zimäṣ'
ብኣማን, b'aman
ንጹህ, nṣuh
ዚነብር, zinäbr
ዝፈልጣ, zfälTa
ብስም, bsm
ዕስራን, ʕsran
አሎኹ, 'äloKu
ፍልልይና, fllyna
ኢኺ, 'iKi
ዓጽዩ, ʕaṣyu
ደጊም, dägim
ምስ, ms
በጽሔ, bäṣħe
ስማዕ, smaʕ
ሰፈር, säfär
ኣትን, 'atn
ፍትሒ, ftħi
ተባዕታይ, täbaʕtay
ኣብርሃም, 'abrham
ጥራይ, Tray
ከውሒ, käwħi
ብሰላም, bsälam
ዘፍጥረት, zäfTrät
ሳዕሪ, saʕri
ሳሙኤል, samu'el
ኣእምሮ, 'a'mro
ተንስኡ, täns'u
ክማርኽ, kmarK
ኣታኽልቲ, 'ataKlti
ሓቂ, ħaqi
ሙሴን, musen
ልዕል, lʕl
ወሰን, wäsän
ዕንባባይ, ʕnbabay
ንዕድል, nʕdl
ማሕደር, maħdär
መጸ, mäṣä
ሕዛብ, ħzab
ፍርሃት, frhat
ክኸዶ, kKädo
መጋረጃ, mägaräǧa
ሕንቁቕ, ħnquQ
ኸዱ, Kädu
ድሕሪኡ, dħri'u
ድንኳን, dnkʷan
ንጽኑዕ, nṣnuʕ
ኰይኖም, kʷäynom
ኲሎም, kʷilom
ልሕጺ, lħṣi
ወርሒ, wärħi
እናመሰለት, 'namäsälät
ስመይ, smäy
ዘየሳኒ, zäyäsani
መርከብ, märkäb
ዀነ, kʷänä
ጀጋኑ, ǧäganu
ደሓር, däħar
ብሸነኽ, bšänäK
ክምስ, kms
ምኢዙ, m'izu
ዘሎኻ, zäloKa
ብማዕዶ, bmaʕdo
ሰላም, sälam
ናተይ, natäy
ጽላልናይ, ṣlalnay
ነበሩ, näbäru
ደበና, däbäna
ጠዓማ, Täʕama
ሓርጭ, ħarČ
ወሓሉ, wäħalu
መሀነኒ, mähänäni
ርኤያ, r'eya
ተመን, tämän
ብዛዕባ, bzaʕba
ኸነኣን, Känä'an
ኢልኩም, 'ilkum
ዕጨይቲ, ʕČäyti
መለሰሎም, mäläsälom
ዝጠምሮ, zTämro
ሃቢ, habi
ዳን, dan
እዮብ, 'yob
ኣይተጥፈኣዮ, 'aytäTfä'ayo
ሓደ, ħadä
ገይሮም, gäyrom
ወጻኢ, wäṣa'i
ኪብሉ, kiblu
በትሪ, bätri
ቤቱ, betu
ኣዘዞም, 'azäzom
ማርዶካይ, mardokay
ኪኸዱ, kiKädu
ንሳቶምውን, nsatomwn
ጼርና, ṣerna
ንእሽቶ, n'što
ቀሲነ, qäsinä
ሕጻባ, ħṣaba
ተመልሱ, tämälsu
ኣሎኹ, 'aloKu
ስልጣን, slTan
ሚእትን, mi'tn
ኵሎም, kʷlom
ወለዶ, wälädo
ተመጊባ, tämägiba
ኢድ, 'id
ገሊኦም, gäli'om
ብ, b
ናብ, nab
ብማይ, bmay
ብምሉእ, bmlu'
ምናልባሽ, mnalbaš
ወጹ, wäṣu
ንኣይ, n'ay
ንሳኦል, nsa'ol
ኪሮስ, kiros
ሕብራ, ħbra
ሰብኣያ, säb'aya
ወርቅን, wärqn
ቅድስቲ, qdsti
ኣማልኽቲ, 'amalKti
ዚነብሩ, zinäbru
ዝራብዕ, zrabʕ
ማሕላ, maħla
ገይሩ, gäyru
ሽሕ, šħ
ባርያ, barya
ጠባይኪ, Täbayki
ኣብራር, 'abrar
ክንዕወት, knʕwät
ቃላት, qalat
ኵላ, kʷla
ጐደሎ, gʷädälo
ብድፋዕና, bdfaʕna
ጽዋእ, ṣwa'
ኻህን, Kahn
ፍቕሪ’ያ, fQri’ya
ብዓቐን, bʕaQän
ኸተማ, Kätäma
ሊባኖስ, libanos
ኣታ, 'ata
ብዘመን, bzämän
በለ, bälä
ቚስሊ, Qʷisli
ምስሊ, msli
ዘይብለለ, zäyblälä
ካባኻ, kabaKa
ተላልያ, tälalya
እንዳበልካ, 'ndabälka
ቁሩብ, qurub
ሰናይ, sänay
ኣቢሉ, 'abilu
ተላሚዳ, tälamida
እተቘጽሩ, 'täQʷäṣru
በደል, bädäl
ንሱውን, nsuwn
ታ, ta
እቶም, 'tom
ዙርያኺ, zuryaKi
መንፈስ, mänfäs
ኣበሳ, 'abäsa
ጽድቅን, ṣdqn
ጥፍኣት, Tf'at
ወደቐ, wädäQä
ኣልዒሉ, 'alʕilu
ኣሕዋቶም, 'aħwatom
እሙን, 'mun
ንዓይነይ, nʕaynäy
ከተማ, kätäma
ቤተ, betä
ከብርሃልኪ, käbrhalki
ንወዲ, nwädi
ነይሩ, näyru
ናጽነት, naṣnät
ንቓለይ, nQaläy
አሎኻ, 'äloKa
በልኩ, bälku
ነተን, nätän
ንወዱ, nwädu
ኣብኔር, 'abner
ዘንጸላልወኒ, zänṣälalwäni
ስም, sm
ድምጺ, dmṣi
ንሳቶም, nsatom
ጐይታና, gʷäytana
እዚኣተን, 'zi'atän
ተኣከቡ, tä'akäbu
ካልእ, kal'
ኸሎ, Kälo
ግደ, gdä
እዛ, 'za
ኰይኑ, kʷäynu
ንዑ, nʕu
እንድዮም, 'ndyom
እንጌራን, 'ngeran
ውረዳ, wräda
ዳዊት, dawit
ዓመት, ʕamät
ያእቆብን, ya'qobn
ኣሕዋቱን, 'aħwatun
ወኒነያ, wäninäya
በብዓሌቶም, bäbʕaletom
ይሁዳን, yhudan
ኣየ, 'ayä
ክቡር, kbur
ኣለዉ, 'aläwu
ብርሃን, brhan
ተመሊሰ, tämälisä
መልእኽቲ, mäl'Kti
ክንደይሞ, kndäymo
ልኢኹ, l'iKu
ገላዉኡ, gälawu'u
ከላምደካ, kälamdäka
አምዚ, 'ämzi
ዕሽነት, ʕšnät
ርእሶም, r'som
ፈሊጠ, fäliTä
ኮይነ, koynä
በይንኺ, bäynKi
ኣምላኾም, 'amlaKom
ንስኻውን, nsKawn
ዘይጽግማ, zäyṣgma
ቅኑዕ, qnuʕ
ብንያም, bnyam
ዓሞን, ʕamon
ሰሎሞን, sälomon
ከሎ, kälo
ዚመስል, zimäsl
ሰብሲ, säbsi
ገጸይ, gäṣäy
ሓይሊ, ħayli
ኢዮብ, 'iyob
ረኣያ, rä'aya
መከራ, mäkära
ኻባታቶም, Kabatatom
ኵላቶም, kʷlatom
ዝነበሩ, znäbäru
ቐዳመይቲ, Qädamäyti
ነደደ, nädädä
ጸሓይ, ṣäħay
መዛሙርቲ, mäzamurti
ኵለን, kʷlän
ሃዋህው, hawahw
ንሙሴ, nmuse
በታ, bäta
ትኹን, tKun
ሐቢሮም, ħäbirom
ሃብታም, habtam
ካልኦት, kal'ot
ኣነስ, 'anäs
ወጸ, wäṣä
ሌዊ, lewi
ህያብ, hyab
ንእምነትካ, n'mnätka
መጺኡ, mäṣi'u
መልክዐኛ, mälkʕäña
ከይሓምያኒ, käyħamyani
ኣማን, 'aman
ጥሜት, Tmet
ካህናት, kahnat
ሌላና, lelana
መሳፍንቲ, mäsafnti
ዘቕለበ, zäQläbä
ማእከልኩም, ma'kälkum
ክርእያ, kr'ya
እንስሳን, 'nssan
እዚኣ, 'zi'a
ክብሪ, kbri
ጓል, gʷal
ሞኣብ, mo'ab
ግብጻውያን, gbṣawyan
ዘበለ, zäbälä
ኢሳይያስ, 'isayyas
ኢኻ, 'iKa
ሓሶት, ħasot
ጠሊምካ, Tälimka
ልኡኻት, l'uKat
ተመለሱ, tämäläsu
ንቓል, nQal
ብዙሕ, bzuħ
ሕልፊ, ħlfi
በለት, bälät
ክብለን, kblän
ናትክስ, natks
ጊልያኻ, gilyaKa
ሀደሙ, hädämu
ቅድሚኦም, qdmi'om
ኢና, 'ina
እንስሳ, 'nssa
ወረደ, wärädä
ግና, gna
እወ, 'wä
ግብጺ, gbṣi
ተሎ, tälo
ነናብ, nänab
ዘይሃስስ, zäyhass
መዓልትን, mäʕaltn
ግን, gn
ድንጋጽ, dngaṣ
እተን, 'tän
ይጥዓሞ, yTʕamo
እዚ, 'zi
ዘላ, zäla
ልዕሊኡ, lʕli'u
ንሳ, nsa
ገበሩ, gäbäru
ዝብሎሎ, zblolo
ነህዛብ, nähzab
ተሃሰ, tähasä
ኣሮን, 'aron
ብምኽንያት, bmKnyat
አእምነትና, 'ä'mnätna
ይቕረ, yQrä
ኻልኣይ, Kal'ay
ከዱ, kädu
ርኤ, r'e
ኣለዋ, 'aläwa
ህዝቅያስ, hzqyas
ጉርሒዶ, gurħido
ከምኡውን, käm'uwn
ደሃይ, dähay
ከለዳውያን, kälädawyan
ዕስራ, ʕsra
ሽፎነይ, šfonäy
ከረን, kärän
ንሓዋሩ, nħawaru
ሓው, ħaw
እዚኣቶም, 'zi'atom
ሰብን, säbn
ልብኹም, lbKum
ብዳርባ, bdarba
ምስክር, mskr
ብዘይፈልጦ, bzäyfälTo
ሮቤል, robel
ኣነውን, 'anäwn
ንቤት, nbet
ተንሲኡ, tänsi'u
መቓብር, mäQabr
ሓመድ, ħamäd
ጀመረ, ǧämärä
ኪዀኑ, kikʷänu
ጐልጐል, gʷälgʷäl
ኪነብር, kinäbr
ገዝኡ, gäz'u
ድዩ, dyu
ዓሌታት, ʕaletat
ብእኡ, b''u
ትንቢት, tnbit
ሓቲተኪ, ħatitäki
ሃይለ, haylä
ርዓማ, rʕama
ኣብዩኒ, 'abyuni
ሰሓቕኪ, säħaQki
መቕደስ, mäQdäs
ሕነ, ħnä
እምነት, 'mnät
ዋላ, wala
ነዲዱ, nädidu
ምስኡ, ms'u
ኣሎይሰፍሕ, 'aloysäfħ
ዚብል, zibl
ሓድሽ, ħadš
ኣሕዋቱ, 'aħwatu
በተን, bätän
ካብኡ, kab'u
ቅርርብና, qrrbna
ንብዓት, nbʕat
ምሩጽ, mruṣ
ሃይማኖተይ, haymanotäy
ንጽብሒቱ, nṣbħitu
ቤትካ, betka
ዝወረሶ, zwäräso
ድዑል, dʕul
ጻድቃን, ṣadqan
ናብቶም, nabtom
ሓዲጉ, ħadigu
ኣላ, 'ala
ምናሴን, mnasen
ብዓል, bʕal
ርእሱ, r'su
ኲናት, kʷinat
ጠቢባን, Täbiban
ሓያሎ, ħayalo
እመት, 'mät
ንእያሱ, n'yasu
ንሽፎነይ, nšfonäy
ጽኑዕ, ṣnuʕ
ዘይኰነስ, zäykʷänäs
ዝብለካ, zbläka
ኣፋኔያ, 'afaneya
ኲላቶም, kʷilatom
ወከፎም, wäkäfom
ዕድል, ʕdl
ትምኒተይ, tmnitäy
ዎ, wo
ኣርብዓ, 'arbʕa
ዝሕፈሶ, zħfäso
ኣርብዓን, 'arbʕan
ብዘለዉ, bzäläwu
ዝሕው, zħw
ስምኦን, sm'on
ነዚ, näzi
ወደቑ, wädäQu
ብሩርን, brurn
ሰሚዖም, sämiʕom
ውሒዝ, wħiz
ፍሩይ, fruy
እንተኽፈቱ, 'ntäKfätu
ዚሐርር, ziħärr
ዝገበሮ, zgäbäro
ይብሉ, yblu
ኪሩቤል, kirubel
ገሪሙኒ, gärimuni
ስለ, slä
ሽፎነየ, šfonäyä
ናብኡ, nab'u
ገፊሑ, gäfiħu
ፈለማ, fäläma
ኣቕሊበሉ, 'aQlibälu
መኣዲ, mä'adi
እናበለ, 'nabälä
ህዝብታት, hzbtat
ኦም, 'om
ማለት, malät
እንዳልካ, 'ndalka
ኪመጽእ, kimäṣ'
ልቢ, lbi
ንነብሰይ, nnäbsäy
ኩኒ, kuni
ከምቲ, kämti
ግበር, gbär
ሙሴ, muse
ሰባት, säbat
ወለደት, wälädät
ኣለና, 'aläna
ጼርና’ወ, ṣerna’wä
በጃኻ, bäǧaKa
ህይወት, hywät
ነቲ, näti
ነፍሰይ, näfsäy
ኣዕሊለ’ውን, 'aʕlilä’wn
በልዎም, bälwom
መጸኒ, mäṣäni
ኣይኰኑን, 'aykʷänun
ቀይራ, qäyra
መስፍን, mäsfn
ታለንት, talänt
ዑስማን, ʕusman
ኸመይ, Kämäy
ሰተተት, sätätät
ምዉታት, mwutat
ኩሉ, kulu
ኤዶም, 'edom
ስጋኡ, sga'u
ዓብዪ, ʕabyi
ኣብ, 'ab
ኻብቶም, Kabtom
ምዃነይ, mkʷanäy
ኣይ, 'ay
ዙርያ, zurya
ጥዑም’ዩ, Tʕum’yu
እዝስ, 'zs
ንዘክረን, nzäkrän
ይስሃቅ, yshaq
እምብኣርሲ, 'mb'arsi
መን, män
ወርቂ, wärqi
ሰብአይ, säb'äy
እንጌራ, 'ngera
ሰዓማ, säʕama
ኻልእ, Kal'
ኣተዉ, 'atäwu
ዘሎ, zälo
ከደ, kädä
ክዛረብ, kzaräb
ስዒመ, sʕimä
ከዋጋዓካ, käwagaʕaka
ይሙት, ymut
ኣሎ, 'alo
የለን, yälän
ኔረ, nerä
ዘየዕበደ, zäyäʕbädä
ብኣማኒኻ, b'amaniKa
ነፍሱ, näfsu
ናይቲ, nayti
ቀደም, qädäm
ጸያፍ, ṣäyaf
ዓሌት, ʕalet
ሓሊፉ, ħalifu
ሰዓት, säʕat
ኾይነ, Koynä
ምሳኻትኩም, msaKatkum
ገና, gäna
ዓለምካ, ʕalämka
ግበሩ, gbäru
ልበየ, lbäyä
ኣይትዋራዘይለይ, 'aytwarazäyläy
ንስኻትኩምውን, nsKatkumwn
ምዕላል, mʕlal
ሪሓን, riħan
ኣንስቲ, 'ansti
ደገ, dägä
ኣጥሒላ, 'aTħila
ኣቱም, 'atum
ገሊላ, gälila
ተጻዊተ, täṣawitä
ነብያትን, näbyatn
ተሓዝካዮ, täħazkayo
ሓሙሽተ, ħamuštä
ዕላል, ʕlal
ዘረባ, zäräba
ይገብራ, ygäbra
ትእዛዝ, t'zaz
ዋናታት, wanatat
ኣይፋልካን, 'ayfalkan
ኪኸውን, kiKäwn
ንእኡ, n''u
ኤልሳእ, 'elsa'
ብጹእ, bṣu'
ኻህናትን, Kahnatn
ኢልኪ, 'ilki
ንደቂ, ndäqi
ኣዝዩ, 'azyu
ተዛረበ, täzaräbä
ፋሕ, faħ
ጌታ, geta
ጌሩ, geru
መስዋእቲ, mäswa'ti
ኣባይቲ, 'abayti
ምስቶም, mstom
ወትሩ, wätru
ደቀ, däqä
እምብዛ, 'mbza
ንያእቆብ, nya'qob
ጨና, Čäna
ሂወት, hiwät
ዝስተ, zstä
ኣርባዕተ, 'arbaʕtä
ባሮት, barot
ኢድካ, 'idka
ተዛረቦ, täzaräbo
በለስ, bäläs
ኣዲኡ, 'adi'u
ትሕቲ, tħti
ነበርኩ, näbärku
ደማስቆ, dämasqo
ነበራ, näbära
መዛሙርቱ, mäzamurtu
ብርቱዕ, brtuʕ
ሰማርያ, sämarya
ከፊኡኒ, käfi'uni
ንስኻ, nsKa
ጴጥሮስ, PeTros
ብዛዕባኡ, bzaʕba'u
ተቐቢለ, täQäbilä
ኸምኡ, Käm'u
ዝጸበቐት, zṣäbäQät
ክሕሎ, kħlo
ንጸብጽብ, nṣäbṣb
ኢሎም, 'ilom
ዘለዎም, zäläwom
ኣዕሊለ, 'aʕlilä
ምዕባለ, mʕbalä
ንስኻን, nsKan
ንብዘሎ, nbzälo
እስከ, 'skä
ዓመታት, ʕamätat
ሕጊ, ħgi
ኣምላኸይ, 'amlaKäy
ዝበለ, zbälä
ጸብለልታ, ṣäblälta
ሾሞንተ, šomontä
ዘሎና, zälona
ድኻ, dKa
ኣምላኹ, 'amlaKu
ኣነየ, 'anäyä
ያሪኮ, yariko
ጐይታይ, gʷäytay
ፍረ, frä
ዝገብራ, zgäbra
መኽመስመሲት, mäKmäsmäsit
ንዓየ, nʕayä
ርግቢ, rgbi
ጉዕዞኻ, guʕzoKa
ወሪዱ, wäridu
ዝጠለማኻ, zTälämaKa
ክሳብ, ksab
ኣቓሑ, 'aQaħu
ተቐመጠ, täQämäTä
ጽባሕ, ṣbaħ
መድሃኒት, mädhanit
ሽማ, šma
ሓምሳ, ħamsa
ንድሕሪት, ndħrit
ዝወጸ, zwäṣä
ነውሪ, näwri
ይኣቱ, y'atu
ተንስኤ, täns'e
ነገርስ, nägärs
ዝነበረት, znäbärät
ያእቆብ, ya'qob
ኲለን, kʷilän
ስቕ, sQ
መልክዕ, mälkʕ
በላ, bäla
ዅሉን, kʷlun
ሞገስ, mogäs
ከመይ, kämäy
ስምዓዮ, smʕayo
ልቡ, lbu
ብጊዜ, bgize
ዮሴፍ, yosef
ዮስያስ, yosyas
ዘይኣመለይ, zäy'amäläy
ክምስጥ, kmsT
ኸተማታት, Kätämatat
ኣእጋሩ, 'a'garu
ሰኣን, sä'an
ኣይትግደፍኒ, 'aytgdäfni
ኣብተን, 'abtän
ኣዋልድ, 'awald
ብሓድሽ, bħadš
ንሞት, nmot
ጎረቤት, goräbet
ኦሪት, 'orit
እኩይ, 'kuy
ከምታ, kämta
ዜና, zena
ኸአ, Kä'ä
ነዛ, näza
ንዘለአለም, nzälä'äläm
መዝሙር, mäzmur
ነዊሕ, näwiħ
መንጎ, mängo
ነፍሲ, näfsi
ብዘይወሰን, bzäywäsän
ኣብታ, 'abta
ነታ, näta
ክትከውን, ktkäwn
ብሰሪ, bsäri
ብሓደ, bħadä
ኣዕኑድ, 'aʕnud
ኣምቸ, 'amčä
ይብል, ybl
ንየሩሳሌም, nyärusalem
ሰበይቲ, säbäyti
ሰንሰለት, sänsälät
ጀሚረ, ǧämirä
እባ, 'ba
ሰሜን, sämen
ድሃን, dhan
ዀይኑ, kʷäynu
ወደይ, wädäy
ማእሰርቲ, ma'särti
ከዘክረካ, käzäkräka
ዘሎኹ, zäloKu
ምሕረት, mħrät
ገበር, gäbär
በረኸት, bäräKät
ኣዲስ, 'adis
ከም, käm
ኢዱ, 'idu
ተዛረቦም, täzaräbom
ኸምቲ, Kämti
እምበኣርሲ, 'mbä'arsi
ብዙሓት, bzuħat
እግዚኣብሄርሲ, 'gzi'abhersi
ኣባኻትኩም, 'abaKatkum
ረአየ, rä'äyä
ጥዑም, Tʕum
ዘይመልኽ, zäymälK
ሰራዊት, särawit
ሐለፈ, ħäläfä
መልኣኽ, mäl'aK
ብሓቂ, bħaqi
መሮር, märor
ኰን, kʷän
ደጊመ, dägimä
ውሽጢ, wšTi
መለሰ, mäläsä
ነቒሎም, näQilom
ደድሕረይ, dädħräy
ረሲኣን, räsi'an
ሰይፊ, säyfi
ልዑል, lʕul
ንኣምላኽ, n'amlaK
በይኑ, bäynu
ቘልዓ, Qʷälʕa
ኣማኒ, 'amani
አብ, 'äb
ንኣና, n'ana
ከምቶም, kämtom
ቅድሚ, qdmi
ምሳና, msana
እምበር, 'mbär
ኲሉ, kʷilu
ዝተረፈ, ztäräfä
ሓውካ, ħawka
ብሓይሊ, bħayli
ንዝደሊ, nzdäli
ዕጣን, ʕTan
ኣሞራውያን, 'amorawyan
ኣሶር, 'asor
ነገርን, nägärn
ንደቀ, ndäqä
ዓሻ, ʕaša
ኣኽባሪናይ, 'aKbarinay
ባርያኻ, baryaKa
መኣዝ, mä'az
ኤደን, 'edän
ተንስእ, täns'
ዘህልቍ, zählqʷ
ልብኻ, lbKa
ባቢሎን, babilon
ቁጽሪ, quṣri
ኬብሮን, kebron
ከበሮ, käbäro
ካህን, kahn
ዅላቶም, kʷlatom
ባንዴራና, banderana
ንደቁን, ndäqun
ነቡካድነጻር, näbukadnäṣar
ክንራከብ, knrakäb
ሰባ, säba
ኣቦይ, 'aboy
ሳልሳይ, salsay
ናባኻ, nabaKa
ኢዩ, 'iyu
ነብዪ, näbyi
ይነብር, ynäbr
ቅዱስ, qdus
ኢዶም, 'idom
ከከም, käkäm
መምህር, mämhr
ዛንታ, zanta
ክንደይ, kndäy
ግጥሚ, gTmi
ክርስቶስ, krstos
መዋዕል, mäwaʕl
ማእከሎም, ma'kälom
ተሰጕጉ, täsägʷgu
ሕዛበይ, ħzabäy
በለቶ, bäläto
ዓመቱ, ʕamätu
ዝመልኤ, zmäl'e
ሓዊ, ħawi
ከቶ, käto
ኤሳው, 'esaw
ንሓድሕድኩም, nħadħdkum
