word,trans
ናይ, nay
ኣብ, 'ab
ኣታ, 'ata
ብ, b
ፍቕሪ, fQri
ካብ, kab
ልበየ, lbäyä
ልበይ, lbäy
ኣማኒ, 'amani
ሰብ, säb
ኣምቸ, 'amčä
ከም, käm
ሚእቲ, mi'ti
ኣይ, 'ay
ሽፎን, šfon
ዝኣምና, z'amna
ምስ, ms
እንተ, 'ntä
በዚሑ, bäziħu
ነውሪዩ, näwriyu
ጽብቕቲ, ṣbQti
ንከባበር, nkäbabär
ሃይማኖት, haymanot
ስምዒት, smʕit
ካልእ, kal'
ሽፎነይ, šfonäy
ኩሉ, kulu
ዘለዎ’የ, zäläwo’yä
ዓለም, ʕaläm
ወይ, wäy
ምስ’ዚ, ms’zi
ስኒት, snit
ደሓን, däħan
ኮይኑ, koynu
ወዲ, wädi
ኣዳነይ, 'adanäy
ሰሓቕ, säħaQ
ዋይ, way
ናባኺ, nabaKi
ኢያ, 'iya
ጉሬ, gure
ኣይነበረን, 'aynäbärän
እቲ, 'ti
ኢኺ, 'iKi
ናትክስ, natks
ሽፎነየ, šfonäyä
ኣሎ, 'alo
ሂወት, hiwät
ከፊኡኒ, käfi'uni
ሽማ, šma
መልክዕ, mälkʕ
ክንደይ, kndäy
ክኸውን, kKäwn
ኣፍወርቂ, 'afwärqi
ሓንቲ, ħanti
ዘዝመጻ, zäzmäṣa
ናይሎን, naylon
ማይ, may
ፈትየ, fätyä
በለለይ, bäläläy
ቦታ, bota
ዘትሓትት, zätħatt
ኢሉኒ, 'iluni
ኣምሪሐ, 'amriħä
የብልክን, yäblkn
ጎደሎ, godälo
ዘይከሓድ, zäykäħad
ፍልጠት, flTät
ናትካ, natka
ወይስ, wäys
ሃገር, hagär
እታ, 'ta
ከሰተ, käsätä
ዕድመ, ʕdmä
ብዘይካ, bzäyka
ህዝቢ, hzbi
ማንታ, manta
ቛንቛ, QʷanQʷa
ፈጣሪ, fäTari
ኮፍ, kof
ኣበባ, 'abäba
ግርማ, grma
ምርኣይ, mr'ay
መግቢ, mägbi
በል, bäl
ጌረ, gerä
ጽርግያ, ṣrgya
ሪአ, ri'ä
እዚኣ’ያ, 'zi'a’ya
ለኪምካኒ, läkimkani
ናትካስ, natkas
ጋሻ, gaša
ዘርኢ, zär'i
ኢለ, 'ilä
ነገር, nägär
ሰትያ, sätya
ዕላማ, ʕlama
ነብሰይ, näbsäy
ለዋህ, läwah
ናህሪ, nahri
ብዘይ, bzäy
ፍልልይና, fllyna
ርኤያ, r'eya
ሓደ, ħadä
ቀሲነ, qäsinä
ናብ, nab
ኣብራር, 'abrar
ብዓቐን, bʕaQän
ናጽነት, naṣnät
ተመሊሰ, tämälisä
ፈሊጠ, fäliTä
ዘይጽግማ, zäyṣgma
ጸሓይ, ṣäħay
መልክዐኛ, mälkʕäña
ብዙሕ, bzuħ
ተሎ, tälo
ድንጋጽ, dngaṣ
እዚ, 'zi
አእምነትና, 'ä'mnätna
ብዘይፈልጦ, bzäyfälTo
ሃይለ, haylä
እምነት, 'mnät
ሃይማኖተይ, haymanotäy
ፈለማ, fäläma
ልቢ, lbi
ኣዕሊለ’ውን, 'aʕlilä’wn
ዑስማን, ʕusman
ኔረ, nerä
ምዕላል, mʕlal
ንስኻ, nsKa
ዝበለ, zbälä
መድሃኒት, mädhanit
ነውሪ, näwri
ጎረቤት, goräbet
ነዊሕ, näwiħ
ጥዑም, Tʕum
ደጊመ, dägimä
ኤደን, 'edän
ግጥሚ, gTmi
ሰይመ, säymä
ንሰማማዕ, nsämamaʕ
ጎሪሑ, goriħu
ሙግራሕ, mugraħ
ኣስመራ, 'asmära
ዝነውነዎ, znäwnäwo
ሰናዶይ, sänadoy
ውቁጥ, wquT
ስብከት, sbkät
ብሪ, bri
ነባዒት, näbaʕit
ኢለካ, 'iläka
ጠሊ, Täli
ፍቕራ, fQra
ድሙቕ, dmuQ
ስኒ, sni
ጩራ, Čura
ንእሽቶይ, n'štoy
ብኣካል, b'akal
እኽለ, 'Klä
ህዝባ, hzba
ሓሸውሸዋ, ħašäwšäwa
ክዳን, kdan
ተኸደና, täKädäna
ድሕሪ, dħri
ካብቲ, kabti
ኣስሚር, 'asmir
ትግርኛ, tgrña
ትፈልጥ, tfälT
ዝኣመነካ, z'amänäka
ኣባይ, 'abay
ንኸተማ, nKätäma
ቅናት, qnat
ጠባይ, Täbay
ኣጋጣሚ, 'agaTami
ዘይጸናዒት, zäyṣänaʕit
ኣርሒቐ, 'arħiQä
ገርሁ, gärhu
ሪአኪ, ri'äki
ተቐየረ, täQäyärä
ኣማራጽ, 'amaraṣ
ልሳን, lsan
ልሙድ, lmud
እናጠዓሞ, 'naTäʕamo
መንገሻ, mängäša
ከናፍር, känafr
ያሬድ, yared
ደጋፍ, dägaf
እመነሉ, 'mänälu
ደቢኑ, däbinu
ደርጊ, därgi
ፍቓድ, fQad
ዒላም, ʕilam
ዝነበረ’የ, znäbärä’yä
ኣብልባ, 'ablba
ይኩን, ykun
ንሰብ, nsäb
ይዝከረኒ, yzkäräni
እናሃብኩ, 'nahabku
ዘይብሉ, zäyblu
ግንባራ, gnbara
ተለወጠ, täläwäTä
ሎምስ, loms
ተቖጻጸ, täQoṣaṣä
ደንጉየ, dänguyä
ክመኽረካ, kmäKräka
ግዳ, gda
ክነግረካ, knägräka
ምሸት, mšät
ስምዓኒ, smʕani
እምነቱ, 'mnätu
ይበርህ, ybärh
ዝተሸርበት, ztäšärbät
ምፍታው, mftaw
ክትጥለም, ktTläm
ጎይትኦም, goyt'om
ዕረ, ʕrä
ዝሑው, zħuw
ብሄራት, bherat
ዝፈልጣ, zfälTa
ምሉእ, mlu'
ሕጅስ, ħǧs
ብምኻድ, bmKad
ሓላል, ħalal
ገዛይ, gäzay
ዝዓበየት, zʕabäyät
ብርሃነ, brhanä
ግርማኺ, grmaKi
ከምሕረላ, kämħräla
በዛ, bäza
ጾራ, ṣora
ወይዘሮ, wäyzäro
ሰትየ’ዶ, sätyä’do
ክንሰፍራ, knsäfra
ንብረቱ, nbrätu
ኢትዮጲያ, 'ityoPiya
እተዊ, 'täwi
ክደነኒ, kdänäni
ኣበይ, 'abäy
ፍቕር’ዩ, fQr’yu
እንደሞ, 'ndämo
ባህታ, bahta
ብስለት, bslät
ምሳካ, msaka
ንጣብ, nTab
ተፋሊጠ, täfaliTä
ከምዚካ, kämzika
ንዕኡ’ዩ, nʕ'u’yu
ሓባር, ħabar
ግዜ, gze
መቐረት, mäQärät
ብስኒት, bsnit
ክኢላ, k'ila
ቁናኖይ, qunanoy
ከኣሎ, kä'alo
ጽልኣያ, ṣl'aya
ሳሚ, sami
ወራራት, wärarat
ዲዩ, diyu
ዘሳኒ, zäsani
ልባ, lba
ኣይሕመሞ, 'ayħmämo
እስከባ, 'skäba
ንኸይድ, nKäyd
በዚሕኒሎ, bäziħnilo
ተመስገን, tämäsgän
ታይ, tay
ንገርኒ, ngärni
ሓውሰሉ, ħawsälu
ሽታ, šta
ከናፍራ, känafra
ዘለዋ, zäläwa
ድሕሪት, dħrit
ኣጽኒዕና’ወ, 'aṣniʕna’wä
እዋን, 'wan
ሽምዓ, šmʕa
ንበይኑ, nbäynu
ከጸናንዓ, käṣänanʕa
ገጻ, gäṣa
ንምኽረይ, nmKräy
ከፍቅረኒ, käfqräni
ሰሰልሰለይ, säsälsäläy
ክነብረኒ, knäbräni
ጸማም, ṣämam
ቐያሕ, Qäyaħ
ውጹእ, wṣu'
ክኸይድ, kKäyd
ወዲእኻዮ, wädi'Kayo
ሞይቁኒ, moyquni
ኣፍሪቃ, 'afriqa
ምዉቕ, mwuQ
ሓበሻ, ħabäša
ብጽሒ, bṣħi
ዋጋ, waga
ደሃያ, dähaya
ሃገርክንሽሕን, hagärknšħn
ነዛ, näza
ኣድኪምዋ, 'adkimwa
ይከኣሎ, ykä'alo
ኣጨኒቕኒ, 'aČäniQni
በይንኻ, bäynKa
ሓዘለይ, ħazäläy
እንዳተጎዳእኻ, 'ndatägoda'Ka
ቀረባ, qäräba
ምጭውቲ, mČwti
በሉ, bälu
ሕቕፎኣብ, ħQfo'ab
ሃብኒ, habni
ዉዕቁዕ, wuʕquʕ
ስእሊ, s'li
ተጓይየ, tägʷayyä
ትልለ, tllä
ዘይርስዖ, zäyrsʕo
ኣነ, 'anä
ሕቖአን, ħQo'än
የቐኔለይ, yäQäneläy
በለጸት, bäläṣät
መቂሩ, mäqiru
ቀጸለ, qäṣälä
ንዝሓለፉንዘለና, nzħaläfunzäläna
ዘይብልኪ, zäyblki
ነብስኻየ, näbsKayä
መንነት, männät
ትኪ, tki
ናይዛ, nayza
ኣይተረፍኩን, 'aytäräfkun
ድማ, dma
ወግሐ, wägħä
ዓይና, ʕayna
ኹን, Kun
እዝኒ, 'zni
ሒዛ, ħiza
ሳዕ, saʕ
ክልተ, kltä
ዝኾስኮሶ, zKoskoso
ክተትየ, ktätyä
በሎ, bälo
ታይሞ, taymo
ትርጉም, trgum
ስዉር, swur
መስመስታ, mäsmästa
ኣጽኒዕና, 'aṣniʕna
ገብሩ, gäbru
ኾን, Kon
ሕውነትና, ħwnätna
ኽብረት, Kbrät
ዘይጠዓምናዮ, zäyTäʕamnayo
ቓላ, Qala
በሉለይ, bäluläy
ዘይጠሓሊት, zäyTäħalit
ከይከይድ, käykäyd
ክጸልእ, kṣäl'
ብመንፈስ, bmänfäs
ወዘራዝሮ, wäzärazro
ኢና”, 'ina”
ተስፋይ, täsfay
ውሽጥኻ, wšTKa
ቬሎ, velo
ሕዛብ, ħzab
ይንበር, ynbär
ተሳቕየ, täsaQyä
ዝበካ, zbäka
ታሓላል, taħalal
ደበና, däbäna
ተጣዪሰ, täTayisä
ትዝመኽረካ, tzmäKräka
ከተሳሊ, kätäsali
ሳዕሳዕካ, saʕsaʕka
ፍትውቲ, ftwti
ንፍትሒ, nftħi
ኩን, kun
እቶ, 'to
ዒላመይ, ʕilamäy
ነበረ, näbärä
ደረተይ, därätäy
የለን, yälän
ኩዒተ, kuʕitä
ዘይጭምረረ, zäyČmrärä
ተመኔ, tämäne
ጉርሒ, gurħi
ብድድ, bdd
ኔሩ, neru
ዘይፈልቶ, zäyfälto
ውቃበይ, wqabäy
ገይዱ, gäydu
ተቐይሩ, täQäyru
ደኣ, dä'a
ርሒቕኪ, rħiQki
ተሰናቢተ, täsänabitä
ክባኻየ, kbaKayä
ርሑቕ, rħuQ
ጸብሐ, ṣäbħä
ናይታ, nayta
መዓስ, mäʕas
ክትኣቱ, kt'atu
ድፍዐይ, dfʕäy
ወላዲት, wäladit
ኣብቲ, 'abti
ተፈጢሩ, täfäTiru
ዝበሉ, zbälu
ኣመሌ, 'amäle
ቆርጫጭ, qorČaČ
ዘስተውዓሉ, zästäwʕalu
ኪዳ, kida
ዘይጠዓምክን, zäyTäʕamkn
ክዉን, kwun
ምንባር, mnbar
ቻው, čaw
ዝዓገሶ, zʕagäso
ዝተረፉ, ztäräfu
ንልበይ, nlbäy
ምርኻብ, mrKab
ሃገራ, hagära
ኔረሞ, nerämo
ከዕልላ, käʕlla
ረብሓና, räbħana
ዓቕመይ, ʕaQmäy
ኣብነት, 'abnät
“ኣጆኺ, “'aǧoKi
እንትርፎ, 'ntrfo
በታ, bäta
ኣቢለ, 'abilä
ካልእ, kal'
ኣስፈሃ, 'asfäha
ልዕሊ, lʕli
ኩለንትነኣ, kuläntnä'a
ብኣማን, b'aman
ዓጽዩ, ʕaṣyu
ስማዕ, smaʕ
ኣትን, 'atn
ፍትሒ, ftħi
ኣብርሃም, 'abrham
ክማርኽ, kmarK
ወሰን, wäsän
ዕንባባይ, ʕnbabay
ንዕድል, nʕdl
ክኸዶ, kKädo
ሕንቁቕ, ħnquQ
ንጽኑዕ, nṣnuʕ
እናመሰለት, 'namäsälät
ዘየሳኒ, zäyäsani
ድዩ, dyu
ክምስ, kms
ምኢዙ, m'izu
ብማዕዶ, bmaʕdo
ሰላም, sälam
ናተይ, natäy
ጽላልናይ, ṣlalnay
ጠዓማ, Täʕama
ወሓሉ, wäħalu
መሀነኒ, mähänäni
ዝጠምሮ, zTämro
ሃቢ, habi
ኣይተጥፈኣዮ, 'aytäTfä'ayo
ጼርና, ṣerna
ሕጻባ, ħṣaba
ተመጊባ, tämägiba
ኪሮስ, kiros
ሕብራ, ħbra
ጠባይኪ, Täbayki
ክንዕወት, knʕwät
ብድፋዕና, bdfaʕna
ፍቕሪ’ያ, fQri’ya
ዘይብለለ, zäyblälä
ተላልያ, tälalya
እንዳበልካ, 'ndabälka
ቁሩብ, qurub
ተላሚዳ, tälamida
ታ, ta
እቶም, 'tom
ዙርያኺ, zuryaKi
ንዓይነይ, nʕaynäy
ከብርሃልኪ, käbrhalki
ንቓለይ, nQaläy
ዘንጸላልወኒ, zänṣälalwäni
እዛ, 'za
እንድዮም, 'ndyom
ውረዳ, wräda
ወኒነያ, wäninäya
ብርሃን, brhan
መልእኽቲ, mäl'Kti
ክንደይሞ, kndäymo
ከላምደካ, kälamdäka
አምዚ, 'ämzi
ኮይነ, koynä
በይንኺ, bäynKi
ከሎ, kälo
ገጸይ, gäṣäy
ረኣያ, rä'aya
ሃዋህው, hawahw
ሃብታም, habtam
ኣነስ, 'anäs
ህያብ, hyab
ንእምነትካ, n'mnätka
ከይሓምያኒ, käyħamyani
ኣማን, 'aman
ሌላና, lelana
ዘቕለበ, zäQläbä
ክርእያ, kr'ya
ጓል, gʷal
ሓሶት, ħasot
ጠሊምካ, Tälimka
ሕልፊ, ħlfi
ክብለን, kblän
ኢና, 'ina
ዘይሃስስ, zäyhass
ግን, gn
ይጥዓሞ, yTʕamo
ዝብሎሎ, zblolo
ተሃሰ, tähasä
ርኤ, r'e
ኣለዋ, 'aläwa
ጉርሒዶ, gurħido
ሓው, ħaw
ገዝኡ, gäz'u
ድዩ, dyu
ኣይነበረን, 'aynäbärän
ሓቲተኪ, ħatitäki
ርዓማ, rʕama
ኣብዩኒ, 'abyuni
ሰሓቕኪ, säħaQki
ዋላ, wala
ነዲዱ, nädidu
ኣሎይሰፍሕ, 'aloysäfħ
ቅርርብና, qrrbna
ንብዓት, nbʕat
ምሩጽ, mruṣ
ዝወረሶ, zwäräso
ሓዲጉ, ħadigu
ኲናት, kʷinat
ንሽፎነይ, nšfonäy
ዝብለካ, zbläka
ኣፋኔያ, 'afaneya
ዕድል, ʕdl
ትምኒተይ, tmnitäy
ዝሕፈሶ, zħfäso
ዝሕው, zħw
ፍሩይ, fruy
እንተኽፈቱ, 'ntäKfätu
ወይ’ውን, wäy’wn
ገሪሙኒ, gärimuni
ገፊሑ, gäfiħu
ኣቕሊበሉ, 'aQlibälu
ከምዚ, kämzi
እንዳልካ, 'ndalka
ኩኒ, kuni
ከምቲ, kämti
ግበር, gbär
ኣለና, 'aläna
ጼርና’ወ, ṣerna’wä
በጃኻ, bäǧaKa
ቀይራ, qäyra
ሰተተት, sätätät
ጥዑም’ዩ, Tʕum’yu
ንዘክረን, nzäkrän
ኣዳነይ, 'adanäy
ወርቂ, wärqi
ሰዓማ, säʕama
ዘሎ, zälo
ክዛረብ, kzaräb
ስዒመ, sʕimä
ከዋጋዓካ, käwagaʕaka
የለን, yälän
ዘየዕበደ, zäyäʕbädä
ብኣማኒኻ, b'amaniKa
ቀደም, qädäm
ጸያፍ, ṣäyaf
ሓሊፉ, ħalifu
ኾይነ, Koynä
ዓለምካ, ʕalämka
ኣይትዋራዘይለይ, 'aytwarazäyläy
ሪሓን, riħan
ኣጥሒላ, 'aTħila
ተጻዊተ, täṣawitä
ተሓዝካዮ, täħazkayo
ዕላል, ʕlal
ይገብራ, ygäbra
ኣይፋልካን, 'ayfalkan
ኢልኪ, 'ilki
ጌታ, geta
ጌሩ, geru
ምስቶም, mstom
ወትሩ, wätru
ዝስተ, zstä
ተቐቢለ, täQäbilä
ዝጸበቐት, zṣäbäQät
ክሕሎ, kħlo
ንጸብጽብ, nṣäbṣb
ኣዕሊለ, 'aʕlilä
ምዕባለ, mʕbalä
እስከ, 'skä
ጸብለልታ, ṣäblälta
ድኻ, dKa
ኣነየ, 'anäyä
ፍረ, frä
ዝገብራ, zgäbra
መኽመስመሲት, mäKmäsmäsit
ንዓየ, nʕayä
ጉዕዞኻ, guʕzoKa
ዝጠለማኻ, zTälämaKa
ክሳብ, ksab
ይኣቱ, y'atu
ነገርስ, nägärs
በላ, bäla
ስምዓዮ, smʕayo
ዘይኣመለይ, zäy'amäläy
ክምስጥ, kmsT
ሰኣን, sä'an
ኣይትግደፍኒ, 'aytgdäfni
መንጎ, mängo
ብዘይወሰን, bzäywäsän
ኣብታ, 'abta
ይብል, ybl
ሰንሰለት, sänsälät
ጀሚረ, ǧämirä
እባ, 'ba
ድሃን, dhan
ከዘክረካ, käzäkräka
ገበር, gäbär
ኣዲስ, 'adis
ዘይመልኽ, zäymälK
ደድሕረይ, dädħräy
ንነብሰይ, nnäbsäy
ምሳና, msana
ንዝደሊ, nzdäli
ኣኽባሪናይ, 'aKbarinay
ቁጽሪ, quṣri
ከበሮ, käbäro
ባንዴራና, banderana
ክንራከብ, knrakäb
ሰባ, säba
ኢዩ, 'iyu
ተሰጕጉ, täsägʷgu
ሕዛበይ, ħzabäy
ኣብ, 'ab
ድማ, dma
እዩ, 'yu
እቲ, 'ti
ከኣ, kä'a
እግዚኣብሄር, 'gzi'abher
ኸኣ, Kä'a
ካብ, kab
እሞ, 'mo
ናብ, nab
ምስ, ms
ነቲ, näti
እዚ, 'zi
እየ, 'yä
ከም, käm
እቶም, 'tom
ኣምላኽ, 'amlaK
እንተ, 'ntä
ግና, gna
ምዕራፍ, mʕraf
ንሱ, nsu
እስራኤል, 'sra'el
እዮም, 'yom
ንጉስ, ngus
ኣነ, 'anä
ወዲ, wädi
ደቂ, däqi
ሰብ, säb
ቤት, bet
ምድሪ, mdri
እታ, 'ta
ሓደ, ħadä
ኢሉ, 'ilu
ናይ, nay
ነበረ, näbärä
ሽዑ, šʕu
መዓልቲ, mäʕalti
ኻብ, Kab
ነቶም, nätom
ህዝቢ, hzbi
ቅድሚ, qdmi
ምእንቲ, m'nti
እንሆ, 'nho
ከምቲ, kämti
ኸም, Käm
ኣሎ, 'alo
እኳ, 'kʷa
በሎ, bälo
ይብል, ybl
ስለ, slä
ኢኻ, 'iKa
ክሳዕ, ksaʕ
ከምዚ, kämzi
በለ, bälä
ዘሎ, zälo
እያ, 'ya
ዳዊት, dawit
ልዕሊ, lʕli
ንእግዚኣብሄር, n'gzi'abher
የሱስ, yäsus
ስለዚ, släzi
እምበር, 'mbär
ኰነ, kʷänä
ንሳቶም, nsatom
ሃገር, hagär
ንስኻ, nsKa
ነበሩ, näbäru
በታ, bäta
ግናኸ, gnaKä
ነገር, nägär
ኵሉ, kʷlu
መስዋእቲ, mäswa'ti
ኢኹም, 'iKum
ዅሉ, kʷlu
ክልተ, kltä
ኣብቲ, 'abti
ዓመት, ʕamät
ደኣ, dä'a
በሎም, bälom
ነታ, näta
በቲ, bäti
ሰብኣይ, säb'ay
ኢሎም, 'ilom
ኣሎኹ, 'aloKu
ይሁዳ, yhuda
ሕጂ, ħǧi
ኪኸውን, kiKäwn
ዎ, wo
መጽሓፍ, mäṣħaf
ወይ, wäy
ዘበለ, zäbälä
እንታይ, 'ntay
የሩሳሌም, yärusalem
ካብቲ, kabti
ግብጺ, gbṣi
ሰበይቲ, säbäyti
ኣብኡ, 'ab'u
ብዙሕ, bzuħ
ከምኡ, käm'u
ነፍሲ, näfsi
ኸተማ, Kätäma
ኢድ, 'id
ኣብታ, 'abta
ማእከል, ma'käl
ኲሉ, kʷilu
ኽሳዕ, Ksaʕ
ማይ, may
እዚኣ, 'zi'a
ይኹን, yKun
ነዚ, näzi
ዝነበረ, znäbärä
ብዛዕባ, bzaʕba
ዂሉ, kʷilu
ጊዜ, gize
ደው, däw
እቲኣ, 'ti'a
መገዲ, mägädi
መን, män
ሙሴ, muse
ጐይታ, gʷäyta
ምስኡ, ms'u
ሰማይ, sämay
ኢና, 'ina
ናብቲ, nabti
ኣቱም, 'atum
ሰራዊት, särawit
ወይስ, wäys
ሾብዓተ, šobʕatä
ሰለስተ, sälästä
ዓሰርተው, ʕasärtäw
ንስኻትኩም, nsKatkum
ኣታ, 'ata
አሎኹ, 'äloKu
ክርስቶስ, krstos
ገለ, gälä
ዝዀነ, zkʷänä
ሓንቲ, ħanti
ዓብዪ, ʕabyi
ሚእትን, mi'tn
ሓዊ, ħawi
በሉ, bälu
ሓጢኣት, ħaTi'at
ደገ, dägä
የልቦን, yälbon
እዚኣቶም, 'zi'atom
ንሳ, nsa
ጽቡቕ, ṣbuQ
ሎሚ, lomi
ሽሕ, šħ
እየን, 'yän
ቅዱስ, qdus
ዝነበሩ, znäbäru
ከሎ, kälo
መንፈስ, mänfäs
እተን, 'tän
ኣብኣ, 'ab'a
ህዝብታት, hzbtat
ባሕሪ, baħri
ኣፍ, 'af
መጸ, mäṣä
ሰባት, säbat
ሕጊ, ħgi
ቦታ, bota
ወከፍ, wäkäf
ዚብል, zibl
ቃል, qal
ገበረ, gäbärä
ኣይኰነን, 'aykʷänän
ገይሩ, gäyru
ጐይታይ, gʷäytay
ኸምዚ, Kämzi
ኢዱ, 'idu
እዛ, 'za
ዀነ, kʷänä
ኣምላኽካ, 'amlaKka
ናብኡ, nab'u
መሰውኢ, mäsäw'i
ዘለዉ, zäläwu
ኢለ, 'ilä
ኣርባዕተ, 'arbaʕtä
ብዘይ, bzäy
ብዙሓት, bzuħat
ኣህዛብ, 'ahzab
ኵሎም, kʷlom
ንሕና, nħna
ወርሒ, wärħi
እንጌራ, 'ngera
ኸአ, Kä'ä
በረኻ, bäräKa
ትሕቲ, tħti
በልዎ, bälwo
ቓል, Qal
ሳኦል, sa'ol
ወርቂ, wärqi
ሓሙሽተ, ħamuštä
ስጋ, sga
ደም, däm
ንደቂ, ndäqi
ንኣምላኽ, n'amlaK
ያእቆብ, ya'qob
ናብታ, nabta
ከአ, kä'ä
ኣለዉ, 'aläwu
ንእኡ, n''u
ጥራይ, Tray
ትንቢት, tnbit
ብዘሎ, bzälo
ዝበለ, zbälä
መቕደስ, mäQdäs
ወይኒ, wäyni
ኲሎም, kʷilom
ባቢሎን, babilon
አሎ, 'älo
ጓል, gʷal
ብእኡ, b''u
ስም, sm
ንሙሴ, nmuse
ካብኡ, kab'u
ድንኳን, dnkʷan
በዚ, bäzi
ኻህን, Kahn
ሚእቲ, mi'ti
ነገስታት, nägästat
ዘላ, zäla
ነገድ, nägäd
ድሕርዚ, dħrzi
እመት, 'mät
ልቢ, lbi
ስለምንታይ, slämntay
ኣዝዩ, 'azyu
ሰሎሞን, sälomon
መንጎ, mängo
ርእሲ, r'si
ካብቶም, kabtom
ከመይ, kämäy
እስራኤልን, 'sra'eln
ወዱ, wädu
ይሁዳን, yhudan
ግብሪ, gbri
ንኣይ, n'ay
ከተማታት, kätämatat
ንንጉስ, nngus
ህያው, hyaw
ኦሪት, 'orit
ዘለዎ, zäläwo
ዚኸውን, ziKäwn
ከረን, kärän
ከተማ, kätäma
ድሕሪ, dħri
ብሓቂ, bħaqi
ሞት, mot
እምኒ, 'mni
ወለደ, wälädä
ኢልካ, 'ilka
ድምጺ, dmṣi
ዓለም, ʕaläm
መንግስቲ, mängsti
ዅሎም, kʷlom
ጥቓ, TQa
ባህ, bah
ሰላም, sälam
ካብታ, kabta
ካልእ, kal'
ዝገበሮ, zgäbäro
ርእሱ, r'su
ፍልስጥኤማውያን, flsT'emawyan
ርባ, rba
ውግእ, wg'
ኣቦ, 'abo
ገና, gäna
ዕስራን, ʕsran
ፈርኦን, fär'on
ኸሎ, Kälo
ሓላቑ, ħalaQu
መጹ, mäṣu
ደቀ, däqä
ወንጌል, wängel
ወጸ, wäṣä
ምዃኑ, mkʷanu
ዚነብሩ, zinäbru
ኣይሁድ, 'ayhud
ኣብዚ, 'abzi
ነብዪ, näbyi
ንዅሉ, nkʷlu
ኤርምያስ, 'ermyas
ዮሴፍ, yosef
ከቶ, käto
ነበረት, näbärät
ኣቦኡ, 'abo'u
ንኣኻ, n'aKa
ዓሰርተ, ʕasärtä
ገጽ, gäṣ
ክንዲ, kndi
ጳውሎስ, Pawlos
አብ, 'äb
ዓበይቲ, ʕabäyti
ክፉእ, kfu'
ወሰን, wäsän
ሰናይ, sänay
ሓለቓ, ħaläQa
ፍረ, frä
ኰይኑ, kʷäynu
ነተን, nätän
ሰፈር, säfär
ዘሎኹ, zäloKu
እያሱ, 'yasu
ህይወት, hywät
ሳሙኤል, samu'el
ሳዕ, saʕ
ብሰሪ, bsäri
ዘመን, zämän
ምሳኻ, msaKa
መልኣኽ, mäl'aK
ቅድሚኡ, qdmi'u
ዀይኑ, kʷäynu
መዓልትታት, mäʕalttat
ኢድካ, 'idka
ቤቱ, betu
ብሓድሽ, bħadš
ናባይ, nabay
ምስቶም, mstom
ብልዒ, blʕi
ታቦት, tabot
ዮርዳኖስ, yordanos
ኣላ, 'ala
ዚሐርር, ziħärr
ኣምላኽና, 'amlaKna
ሞተ, motä
በዓል, bäʕal
ኪዳን, kidan
መጺኡ, mäṣi'u
ምስክር, mskr
ብርቱዕ, brtuʕ
ወለዶ, wälädo
ኸደ, Kädä
ንእስራኤል, n'sra'el
ኣቢሉ, 'abilu
ዕዮ, ʕyo
ኣቲ, 'ati
ተስፋ, täsfa
መበል, mäbäl
ዘረባ, zäräba
ሹድሽተ, šudštä
ኽልተ, Kltä
ወሲዱ, wäsidu
ፍርዲ, frdi
ብናይ, bnay
ንዳዊት, ndawit
ውሉድ, wlud
ምሳይ, msay
ዜብሉ, zeblu
ስፍራ, sfra
ኣነውን, 'anäwn
ኣንስቲ, 'ansti
ኣምላኽኩም, 'amlaKkum
ንዘለኣለም, nzälä'aläm
ኣማልኽቲ, 'amalKti
ዓይኒ, ʕayni
ህዝብን, hzbn
መሊሱ, mälisu
ኣብርሃም, 'abrham
ካህናት, kahnat
ኣኼባ, 'aKeba
ልዕል, lʕl
ሽሕን, šħn
ኣቦይ, 'aboy
ኦም, 'om
ሓቂ, ħaqi
ንሰብ, nsäb
ጻድቕ, ṣadQ
ብሩር, brur
ኣሮን, 'aron
ሌዋውያን, lewawyan
ለይቲ, läyti
ህዝበይ, hzbäy
ንመስዋእቲ, nmäswa'ti
ብዅሉ, bkʷlu
ማሕበር, maħbär
ተዛረቦ, täzaräbo
በላ, bäla
ምብራቕ, mbraQ
ደአ, dä'ä
ብህይወት, bhywät
ኢኺ, 'iKi
ነዛ, näza
ዘለኣለም, zälä'aläm
መዛሙርቱ, mäzamurtu
ንቤት, nbet
ኽፉእ, Kfu'
ኣኽራን, 'aKran
ኻህናት, Kahnat
ምሳታቶም, msatatom
ብርሃን, brhan
ርስቲ, rsti
ቅድሜኻ, qdmeKa
ስሙ, smu
ንሱውን, nsuwn
ጸሓይ, ṣäħay
ማያት, mayat
እዞም, 'zom
ደጊም, dägim
ንዂሉ, nkʷilu
ንዘለአለም, nzälä'äläm
መዝሙር, mäzmur
በለኒ, bäläni
ብሓደ, bħadä
ብሓዊ, bħawi
ኢላ, 'ila
ኢደይ, 'idäy
ዓሌት, ʕalet
ነብያት, näbyat
መሮር, märor
ጽድቂ, ṣdqi
ምድርን, mdrn
ጽዮን, ṣyon
ልዕሊኡ, lʕli'u
ኸረን, Kärän
እከይ, 'käy
እብለኩም, 'bläkum
ወርቅን, wärqn
ተንሲኡ, tänsi'u
ምሳኻትኩም, msaKatkum
ኸለዉ, Käläwu
ኪዀኑ, kikʷänu
ቀደም, qädäm
ልቡ, lbu
እምብኣርሲ, 'mb'arsi
ብመዓልቲ, bmäʕalti
ምርኻብ, mrKab
ኣታኽልቲ, 'ataKlti
ተዛረቦም, täzaräbom
ርኹስ, rKus
መጺኦም, mäṣi'om
እንስሳ, 'nssa
ዕስራ, ʕsra
ዘይቲ, zäyti
ቅድመይ, qdmäy
ገይሮም, gäyrom
ገንሸል, gänšäl
ዂሎም, kʷilom
ኣሎና, 'alona
እወ, 'wä
ሓይሊ, ħayli
ንሓደ, nħadä
ወጻኢ, wäṣa'i
ባርያ, barya
ጴጥሮስ, PeTros
ምስቲ, msti
ገበሩ, gäbäru
ኤፍሬም, 'efrem
ኣበይ, 'abäy
ጥበብ, Tbäb
ነገሰ, nägäsä
ሞኣብ, mo'ab
ሀቦ, häbo
ረኣየ, rä'ayä
ደድሕሪ, dädħri
ንኣኻትኩም, n'aKatkum
ሰማያት, sämayat
መልእኽቲ, mäl'Kti
ኣሶር, 'asor
ኣምላኸይ, 'amlaKäy
ተቐመጠ, täQämäTä
ናባኻ, nabaKa
ትእዛዝ, t'zaz
ኣተወ, 'atäwä
ኣብዛ, 'abza
ሒዙ, ħizu
ጸልማት, ṣälmat
ጸጋ, ṣäga
ሲቃል, siqal
ርኤኹ, r'eKu
ክብሪ, kbri
ወገን, wägän
ካህን, kahn
ናብቶም, nabtom
ዚመጽእ, zimäṣ'
ማለት, malät
ሹም, šum
ዘለዋ, zäläwa
ቤተ, betä
በጃኻ, bäǧaKa
ንኣታቶም, n'atatom
ኣሎኻ, 'aloKa
ንብዘሎ, nbzälo
ኣነስ, 'anäs
ብዓል, bʕal
ንፋስ, nfas
ጽሩይ, ṣruy
ኣቦታቶም, 'abotatom
ውሽጢ, wšTi
ናይቲ, nayti
በልኩ, bälku
ነፍሰይ, näfsäy
ኸምቲ, Kämti
ኣቓሑ, 'aQaħu
ሰይፊ, säyfi
ብዘላ, bzäla
መወዳእታ, mäwäda'ta
ገይረ, gäyrä
ማሕደር, maħdär
ብንያም, bnyam
ንዂሎም, nkʷilom
ጐይታና, gʷäytana
ብሩርን, brurn
ገንዘብ, gänzäb
ዘርኢ, zär'i
በለት, bälät
ኲላቶም, kʷilatom
ንጉስን, ngusn
አሎኹም, 'äloKum
ኸምኡ, Käm'u
ዶብ, dob
ለሰ, läsä
ምሉእ, mlu'
ንምድሪ, nmdri
ግዳ, gda
ንእሽቶ, n'što
መሳፍንቲ, mäsafnti
ረሲኣን, räsi'an
ዝተረፈ, ztäräfä
ዝፋን, zfan
መለሰሉ, mäläsälu
ብኡብኡ, b'ub'u
መለሰ, mäläsä
ሓሶት, ħasot
ኪድ, kid
ግራት, grat
ይነብር, ynäbr
ደቁን, däqun
ደቡብ, däbub
ዓው, ʕaw
ግበር, gbär
ሰምዔ, sämʕe
መከራ, mäkära
ህዝቅያስ, hzqyas
ኣስራዚ, 'asrazi
ካልኦት, kal'ot
ኣባይቲ, 'abayti
ጌርካ, gerka
ኣባጊዕ, 'abagiʕ
ኢሳይያስ, 'isayyas
መለኸት, mäläKät
ብስም, bsm
ልበይ, lbäy
ምስጋና, msgana
ከደ, kädä
ስቕ, sQ
ዚነብር, zinäbr
ኻልእ, Kal'
ድዑል, dʕul
ኣራዊት, 'arawit
ንዅሎም, nkʷlom
መንጽር, mänṣr
ሰሜን, sämen
ኢልኩም, 'ilkum
ንሓዋሩ, nħawaru
ሓሙሽተን, ħamuštän
ሀቦም, häbom
ሓድሽ, ħadš
በለቶ, bäläto
ገበሮ, gäbäro
ኰይኖም, kʷäynom
ተጽሒፉ, täṣħifu
ኻልኣይ, Kal'ay
ነገርዚ, nägärzi
እምነት, 'mnät
ቅዱሳን, qdusan
ካባይ, kabay
ዕጨይቲ, ʕČäyti
ኣይነበረን, 'aynäbärän
ሰላሳን, sälasan
ራእይ, ra'y
ቃላት, qalat
ምሸት, mšät
ከከም, käkäm
ኣርብዓ, 'arbʕa
ስምኦን, sm'on
ክልተን, kltän
ምሕረት, mħrät
ደበና, däbäna
ኣሮንን, 'aronn
ኣዋልድ, 'awald
ወጹ, wäṣu
ሴፍ, sef
ይኸውን, yKäwn
ዮናታን, yonatan
ንጹህ, nṣuh
ገጹ, gäṣu
ካባታቶም, kabatatom
ብኢድ, b'id
ሰምዑ, sämʕu
ዘሎኻ, zäloKa
ስምዑ, smʕu
ነይሩ, näyru
ርሑቕ, rħuQ
ምርኮ, mrko
ካብዚ, kabzi
ሹማምቲ, šumamti
ዘበሉ, zäbälu
መዓልትን, mäʕaltn
ደየበ, däyäbä
ተቐመጡ, täQämäTu
ሰማርያ, sämarya
ቅድም, qdm
ዘሎኹም, zäloKum
ዮሃንስ, yohans
ጽሑፍ, ṣħuf
እናበሉ, 'nabälu
መዓት, mäʕat
ኸመይ, Kämäy
በዅሪ, bäkʷri
ዙርያ, zurya
ሰማይን, sämayn
ጸዊዑ, ṣäwiʕu
ኹሉ, Kulu
መቓብር, mäQabr
ብርግጽ, brgṣ
ልቦም, lbom
ፋሕ, faħ
ምናሴ, mnase
ሰበይቱ, säbäytu
ምስሊ, msli
ወደይ, wädäy
ዝበሎ, zbälo
እምበኣርሲ, 'mbä'arsi
ዓመቱ, ʕamätu
ኣለው, 'aläw
ዚኽእል, ziK'l
ኵላ, kʷla
ንነፍሲ, nnäfsi
ይብሉ, yblu
ወጺኡ, wäṣi'u
መንደቕ, mändäQ
እተዛረቦ, 'täzaräbo
ንጽብሒቱ, nṣbħitu
ተንስእ, täns'
ብዘለዉ, bzäläwu
ረሲእ, räsi'
ምድሓን, mdħan
ኣባኻትኩም, 'abaKatkum
ፍቕሪ, fQri
አሎና, 'älona
ኣሕዋት, 'aħwat
እዘን, 'zän
ናብኣ, nab'a
ጐይታየ, gʷäytayä
ሰላሳ, sälasa
ዝራብዕ, zrabʕ
ኣእዋም, 'a'wam
ኻብቲ, Kabti
ብዂሉ, bkʷilu
ጽዋእ, ṣwa'
ወይንን, wäynn
ዝኣዘዞ, z'azäzo
ዝተረፉ, ztäräfu
ነፍሱ, näfsu
ኵለን, kʷlän
ቅድሚኦም, qdmi'om
ፍልጠት, flTät
ጸሎት, ṣälot
ኣምላኽን, 'amlaKn
ላዕሊ, laʕli
ብመንፈስ, bmänfäs
ተመልሰ, tämälsä
ኵላቶም, kʷlatom
ም, m
ክንዳኡ, knda'u
ኣባኻ, 'abaKa
ሓምሳ, ħamsa
በደል, bädäl
ልኡኻት, l'uKat
ሊቀ, liqä
ደሃይ, dähay
ኲለን, kʷilän
የሩሳሌምን, yärusalemn
ምሳና, msana
ስማዕ, smaʕ
ኤሳው, 'esaw
ጀሚሩ, ǧämiru
ማእሰርቲ, ma'särti
ፍርሃት, frhat
የብሉን, yäblun
ሰንበት, sänbät
እልል, 'll
ኤረ, 'erä
ዚገብር, zigäbr
ኣብቶም, 'abtom
መጓሰ, mägʷasä
ሓያሎ, ħayalo
እግሪ, 'gri
ብክርስቶስ, bkrstos
የሮብዓም, yärobʕam
ሙሴን, musen
ብለይቲ, bläyti
ብእምነት, b'mnät
ቅኑዕ, qnuʕ
እተገብረ, 'tägäbrä
መሬት, märet
በል, bäl
ሰፈሩ, säfäru
ሓዉ, ħawu
ኣቤሴሎም, 'abeselom
ኣንበሳ, 'anbäsa
ኣለዎ, 'aläwo
ሳብዐይቲ, sabʕäyti
ኣቦኻ, 'aboKa
ኪብል, kibl
ኺዳን, Kidan
ብጀካ, bǧäka
ሰብን, säbn
ሒደት, ħidät
ገላዉ, gälawu
ህዝብኻ, hzbKa
ጽባሕ, ṣbaħ
ኣዕኑድ, 'aʕnud
ዮርሳሌም, yorsalem
ምዉታት, mwutat
ሓምሳን, ħamsan
ብእግዚኣብሄር, b'gzi'abher
ኣጸድ, 'aṣäd
ዜና, zena
እዝስ, 'zs
ማእከሎም, ma'kälom
ምዃነይ, mkʷanäy
ተቐሚጡ, täQämiTu
ኣሕዋቱ, 'aħwatu
ዕጣን, ʕTan
ሾሞንተ, šomontä
ከዱ, kädu
ስልጣን, slTan
ዘይኰነስ, zäykʷänäs
ካብኣ, kab'a
ዓሞን, ʕamon
ኣእማን, 'a'man
ኤዶም, 'edom
ክትከውን, ktkäwn
ተዛረበ, täzaräbä
ነገርዎ, nägärwo
ይስሃቅ, yshaq
ኤልያስ, 'elyas
ኣሎኹም, 'aloKum
ለይትን, läytn
ኣሕሊፉ, 'aħlifu
ጥዑም, Tʕum
ኣፉ, 'afu
ቐዳማይ, Qädamay
ጀጋኑ, ǧäganu
ርእሶም, r'som
ዜብሎም, zeblom
ኻብኡ, Kab'u
ዓሻ, ʕaša
ብዕራይ, bʕray
ኣይኰንኩን, 'aykʷänkun
ክዳን, kdan
ዚመስል, zimäsl
ብሸነኽ, bšänäK
ኣቦታት, 'abotat
መዋዕል, mäwaʕl
ሒዞም, ħizom
ሓው, ħaw
በረኸት, bäräKät
ድኹም, dKum
ምኽሪ, mKri
እዚውን, 'ziwn
መስፍን, mäsfn
ብመገዲ, bmägädi
ጻድቃን, ṣadqan
ኣገልግሎት, 'agälglot
ኣዲኡ, 'adi'u
ኣቦታቱ, 'abotatu
እግዚኣብሄርን, 'gzi'abhern
ኣተዉ, 'atäwu
ናባኻትኩም, nabaKatkum
ኣባይ, 'abay
ጓና, gʷana
እፈልጥ, 'fälT
እኔኹ, 'neKu
ነበራ, näbära
ንነፍሰይ, nnäfsäy
ይወጽእ, ywäṣ'
ንየሱስ, nyäsus
በተን, bätän
ጥፍኣት, Tf'at
ኣሕዋተየ, 'aħwatäyä
ልሕጺ, lħṣi
ንላዕሊ, nlaʕli
እኩይ, 'kuy
ኪብሉ, kiblu
ሕነ, ħnä
ህዝቡ, hzbu
ምኽንያት, mKnyat
ፋስጋ, fasga
መካበብያ, mäkabäbya
ከለዳውያን, kälädawyan
ካህናትን, kahnatn
ተንስኤ, täns'e
ኣቕሓ, 'aQħa
ይመጽእ, ymäṣ'
ሓለውቲ, ħaläwti
ፍቓድ, fQad
ኣድጊ, 'adgi
ሃዋርያት, hawaryat
ድቤላ, dbela
ነዊሕ, näwiħ
ብሰይፊ, bsäyfi
ደጌታት, dägetat
ጽን, ṣn
በይኑ, bäynu
ዳዊትን, dawitn
ተመልሱ, tämälsu
ግብጻውያን, gbṣawyan
ኣዕዋፍ, 'aʕwaf
ኪሩቤል, kirubel
ኣሜን, 'amen
ነገስት, nägäst
ክንደይ, kndäy
ዀይኖም, kʷäynom
ልብኻ, lbKa
ዮኣብ, yo'ab
ብወገን, bwägän
ፈረቓ, färäQa
ኣእዳዎም, 'a'dawom
ስመይ, smäy
ንሓድሕዶም, nħadħdom
ሓጺን, ħaṣin
ንኣሮንን, n'aronn
ዳንኤል, dan'el
ኣዝዮም, 'azyom
በረኽቲ, bäräKti
ሊባኖስ, libanos
መርከብ, märkäb
ንግሆ, ngho
ጌርኩም, gerkum
ስጋኡ, sga'u
ዓሌታት, ʕaletat
ናብዚ, nabzi
ቐዳመይቲ, Qädamäyti
መስተ, mästä
ጭፍራ, Čfra
ሳዕሪ, saʕri
ዝመጸ, zmäṣä
ኽፍሊ, Kfli
ባሮት, barot
ከንቱ, käntu
ዓባይ, ʕabay
ወረደ, wärädä
ሰዓት, säʕat
ነገርን, nägärn
ንውሉድ, nwlud
ቓላት, Qalat
ነዞም, näzom
ኻህናትን, Kahnatn
ንስኻን, nsKan
ዘይኰነ, zäykʷänä
ልዕሊኦም, lʕli'om
ሰብዓ, säbʕa
ጀመረ, ǧämärä
ዅላቶም, kʷlatom
ኢዶም, 'idom
ኣበሳ, 'abäsa
ኣዒንቲ, 'aʕinti
ትኹን, tKun
ንያእቆብ, nya'qob
ንኣና, n'ana
ዳን, dan
ነይረ, näyrä
ተባዕታይ, täbaʕtay
ኣዒንቱ, 'aʕintu
ጊልዓድ, gilʕad
ቘልዓ, Qʷälʕa
ወሰደ, wäsädä
ነበሮ, näbäro
ሊቃውንቲ, liqawnti
ይቕረ, yQrä
ኣየ, 'ayä
ሃገራት, hagärat
ገጽካ, gäṣka
ሌዊ, lewi
ስምካ, smka
መገዱ, mägädu
ኰኑ, kʷänu
ሲኦል, si'ol
ሰርሔ, särħe
ምናልባሽ, mnalbaš
ኽትከውን, Ktkäwn
ከምኡውን, käm'uwn
ብዛዕባኡ, bzaʕba'u
ጐልጐል, gʷälgʷäl
ዝናም, znam
ንርእሱ, nr'su
እሙን, 'mun
ዙርያኡ, zurya'u
ከውሒ, käwħi
ቅድስቲ, qdsti
ኩሉ, kulu
ልዑል, lʕul
ልኢኹ, l'iKu
ዝገበረ, zgäbärä
ዱር, dur
ንሱን, nsun
ብምኽንያት, bmKnyat
ብሰላም, bsälam
ብዘመን, bzämän
ዮሳፋጥ, yosafaT
ጓኖት, gʷanot
ዔላ, ʕela
ሓራ, ħara
ደቀሰ, däqäsä
ኻብቶም, Kabtom
ኣምላኾም, 'amlaKom
ገጸይ, gäṣäy
ዓለባ, ʕaläba
ሰሚዑ, sämiʕu
ህዝቅኤል, hzq'el
ዘፍጥረት, zäfTrät
ኣብተን, 'abtän
እስኪ, 'ski
ሳልሰይቲ, salsäyti
ሓውካ, ħawka
ኣዒንተይ, 'aʕintäy
እዝኒ, 'zni
ኣሕዋቱን, 'aħwatun
ገሊላ, gälila
መጀመርታ, mäǧämärta
ጥንቲ, Tnti
ቤትካ, betka
ነበርኩ, näbärku
ኸተማታት, Kätämatat
ሌዋውያንን, lewawyann
ስርዓት, srʕat
ኣርባዕተን, 'arbaʕtän
ሓርጭ, ħarČ
ሓመድ, ħamäd
ይኸይድ, yKäyd
ባዕሉ, baʕlu
ስግር, sgr
ሓያላት, ħayalat
መዛሙርቲ, mäzamurti
ምስናይ, msnay
ናብዛ, nabza
ካልኣይ, kal'ay
እናበለ, 'nabälä
ድሕሪኡ, dħri'u
ተንስኡ, täns'u
ሳልሳይ, salsay
እዚኤን, 'zi'en
መስዋእትን, mäswa'tn
ግበሮ, gbäro
ንህዝቢ, nhzbi
ጸበባ, ṣäbäba
የማነይቲ, yämanäyti
ሶርያ, sorya
እንስሳን, 'nssan
ውሰድ, wsäd
ገዝኤ, gäz'e
ነቡካድነጻር, näbukadnäṣar
መምህር, mämhr
ምዕራብ, mʕrab
ኣትዩ, 'atyu
ልብኹም, lbKum
ደየቡ, däyäbu
ከሎኹ, käloKu
ብእኣ, b''a
ኣዘዞም, 'azäzom
ተረፍ, täräf
እንተሎ, 'ntälo
ካባኻ, kabaKa
ኣፍራስ, 'afras
ዓመጻ, ʕamäṣa
ኣቢሎም, 'abilom
ንህዝበይ, nhzbäy
ክኸውን, kKäwn
ነቦኡ, näbo'u
ዝአዘዞ, z'äzäzo
እኽሊ, 'Kli
ያእቆብን, ya'qobn
መላእኽቲ, mäla'Kti
እግዚኣብሄርሲ, 'gzi'abhersi
ወለደት, wälädät
ኪመጽእ, kimäṣ'
ዝስሙ, zsmu
ሀበኒ, häbäni
ወከፎም, wäkäfom
ሰደደ, sädädä
አሎኻ, 'äloKa
ንስኻውን, nsKawn
ዮሐንስ, yoħäns
ኣዘዘ, 'azäzä
ኣርብዓን, 'arbʕan
ንሳኦል, nsa'ol
ሐለፈ, ħäläfä
ኪኸይድ, kiKäyd
ኪነብር, kinäbr
ዓመታት, ʕamätat
ኣምላኹ, 'amlaKu
ሰማዕኩ, sämaʕku
ካባኻትኩም, kabaKatkum
ጐይታኡ, gʷäyta'u
ኪኸዱ, kiKädu
ደሓን, däħan
ይሙት, ymut
መለሰሎም, mäläsälom
ወደቐ, wädäQä
ሰረገላ, särägäla
ንህዝቡ, nhzbu
ከይዱ, käydu
ረአየ, rä'äyä
ንኻልኦት, nKal'ot
ዝነበረት, znäbärät
ጥሜት, Tmet
ኻባታቶም, Kabatatom
ከምቶም, kämtom
ኤልሳእ, 'elsa'
ገሊኦም, gäli'om
ያሪኮ, yariko
ቅድሜኹም, qdmeKum
ደምን, dämn
ዋናታት, wanatat
ኺድ, Kid
ዘሎና, zälona
ደቁ, däqu
ቚስሊ, Qʷisli
ኣለዋ, 'aläwa
ቤትኤል, bet'el
ገምገም, gämgäm
ኣፈይ, 'afäy
ወርትግ, wärtg
ኣእዳው, 'a'daw
ከምታ, kämta
አለዉ, 'äläwu
በጽሔ, bäṣħe
ገላዉኡ, gälawu'u
ንወዲ, nwädi
እንጣጢዕ, 'nTaTiʕ
ሓጐስ, ħagʷäs
መጋረጃ, mägaräǧa
በልዎም, bälwom
ኣሞራውያን, 'amorawyan
ጓሶት, gʷasot
ክቡር, kbur
መጸኒ, mäṣäni
ጾር, ṣor
ዕጭ, ʕČ
ርግጽ, rgṣ
ጐደሎ, gʷädälo
ባሕርን, baħrn
ናተይ, natäy
ኣዒንትኻ, 'aʕintKa
ሐቢሮም, ħäbirom
ዓዲ, ʕadi
ኰን, kʷän
ንዓ, nʕa
ገጾም, gäṣom
ንድሕሪት, ndħrit
ጸላኢ, ṣäla'i
እግሩ, 'gru
ረኣዩ, rä'ayu
ብሓይሊ, bħayli
ንውግእ, nwg'
ክልቲኦም, klti'om
ኣሕዋቶም, 'aħwatom
ንምንታይ, nmntay
ሓሳብ, ħasab
ዘለዎም, zäläwom
ሶርያውያን, soryawyan
ርእዩ, r'yu
ወሲዶም, wäsidom
ከይዶም, käydom
ብምሉእ, bmlu'
ባርያኻ, baryaKa
ሃብቲ, habti
የሁ, yähu
ርእሰይ, r'säy
ብዝሒ, bzħi
ግዲ, gdi
መኣዝ, mä'az
ናባታቶም, nabatatom
ግልጽ, glṣ
ደማስቆ, dämasqo
ጊልያኻ, gilyaKa
ጨና, Čäna
ሮቤል, robel
ዛንታ, zanta
ዚወጽእ, ziwäṣ'
እተቘጽሩ, 'täQʷäṣru
ኣእምሮ, 'a'mro
ወደቑ, wädäQu
ንገሮም, ngärom
ብብዙሕ, bbzuħ
ጥበበኛ, Tbäbäña
መንግስቱ, mängstu
ጲላጦስ, PilaTos
ኪዱ, kidu
ኬብሮን, kebron
ኣባጊዕን, 'abagiʕn
ማእከልኩም, ma'kälkum
እዚኣተን, 'zi'atän
ብማይ, bmay
ሀደሙ, hädämu
ንደቀ, ndäqä
ሞገስ, mogäs
ዘለው, zäläw
መኣዲ, mä'adi
ክዳውንቱ, kdawntu
ኣስቴር, 'aster
ንሓድሕድኩም, nħadħdkum
መዝገብ, mäzgäb
ኣልዒሉ, 'alʕilu
ህያዋን, hyawan
ተቐሚጦም, täQämiTom
ዓይነት, ʕaynät
በዛ, bäza
ነናብ, nänab
ብጹእ, bṣu'
ኣንስትን, 'anstn
ኣቦታትና, 'abotatna
ዝመጹ, zmäṣu
ብሓንቲ, bħanti
ንስኻትኩምውን, nsKatkumwn
ዝመልኤ, zmäl'e
ባርያይ, baryay
ንየሩሳሌም, nyärusalem
ፍግም, fgm
ዂላቶም, kʷilatom
ምድሪውን, mdriwn
ደሓር, däħar
ንዑ, nʕu
ዓሳ, ʕasa
ዮስያስ, yosyas
ማርያም, maryam
ወጺኦም, wäṣi'om
ሰብኣያ, säb'aya
ንዚሐርር, nziħärr
ተመን, tämän
ጕድጓድ, gʷdgʷad
ክኸይድ, kKäyd
ንዮሴፍ, nyosef
ዚነብሩን, zinäbrun
ተመለሱ, tämäläsu
ዘካርያስ, zäkaryas
ዘብዔኛታት, zäbʕeñatat
ዚብሉ, ziblu
ቤተይ, betäy
ብልቡ, blbu
ጃልባ, ǧalba
ዝዀኑ, zkʷänu
እዮብ, 'yob
ስለምንታይከ, slämntaykä
ፈሪሳውያን, färisawyan
ጠቢባን, Täbiban
ንደቁን, ndäqun
ከባቢኣን, käbabi'an
እንጌራን, 'ngeran
ሰብሲ, säbsi
ዘጸአት, zäṣä'ät
ግደ, gdä
ጨንፈር, Čänfär
ሕጻን, ħṣan
ወሪዱ, wäridu
ምሕረቱ, mħrätu
ዘይትን, zäytn
ንወዱ, nwädu
ይስማዕ, ysmaʕ
ዕሽነት, ʕšnät
ዚዛረብ, zizaräb
ኸነኣን, Känä'an
ኻባይ, Kabay
ሰለስተን, sälästän
ብድሕሪኡ, bdħri'u
ኪፈልጡ, kifälTu
ሞቱ, motu
ኣምላኽሲ, 'amlaKsi
ነገሮ, nägäro
ዘበን, zäbän
ዘህልቍ, zählqʷ
ሀብዎም, häbwom
ድኻ, dKa
ዓያሱ, ʕayasu
ንፈርኦን, nfär'on
መጠን, mäTän
ገበርቲ, gäbärti
ማሕላ, maħla
ዓበይትን, ʕabäytn
ዓስራይ, ʕasray
ፍጹም, fṣum
ዚደሊ, zidäli
ኸዱ, Kädu
ዕረፍቲ, ʕräfti
በብዓሌቶም, bäbʕaletom
ሳኦልን, sa'oln
ኽቡር, Kbur
ነዌ, näwe
ቀዳሞት, qädamot
ነህዛብ, nähzab
ንሳቶምውን, nsatomwn
ትእምርቲ, t'mrti
ኣቦታትኩም, 'abotatkum
ጽኑዕ, ṣnuʕ
ነደደ, nädädä
ብስመይ, bsmäy
ዀነት, kʷänät
ታለንት, talänt
ነገዳት, nägädat
ኣሳ, 'asa
እንሃ, 'nha
ደብዳበ, däbdabä
ንሞት, nmot
ዝወጸ, zwäṣä
በለስ, bäläs
ራብዓይ, rabʕay
ጣኦታት, Ta'otat
ጽድቅን, ṣdqn
ምናሴን, mnasen
ሰብአይ, säb'äy
ንኣብርሃም, n'abrham
ስብሒ, sbħi
ርእስኻ, r'sKa
ብስጋ, bsga
በትሪ, bätri
ርጉም, rgum
ተንሲኦም, tänsi'om
ሰይጣን, säyTan
ርኤ, r'e
ዅሉን, kʷlun
ማርዶካይ, mardokay
ኣእጋሩ, 'a'garu
ሴኬም, sekem
ተኣከቡ, tä'akäbu
ንእያሱ, n'yasu
ደሙ, dämu
ግብሩ, gbru
እምብዛ, 'mbza
ኲላ, kʷila
ውሒዝ, wħiz
ጋሻ, gaša
ምስኣ, ms'a
በብማይ, bäbmay
ጅግና, ǧgna
ኣይኰኑን, 'aykʷänun
ብዳርባ, bdarba
ኣብኔር, 'abner
ብጊዜ, bgize
ብኣይ, b'ay
ርግቢ, rgbi
ምላሽ, mlaš
ግበሩ, gbäru
ትፈልጥ, tfälT
ኢዮብ, 'iyob
ጽብቕቲ, ṣbQti
ንብጻዩ, nbṣayu
ነቒሎም, näQilom
ወረዱ, wärädu
ሰሚዖም, sämiʕom
ንርስቲ, nrsti
እብል, 'bl
ደዪቡ, däyibu
ንቓል, nQal
ብዓብዪ, bʕabyi
ትእዛዛት, t'zazat
ኽንደይ, Kndäy
ሓንሳእ, ħansa'
ተጠንቀቑ, täTänqäQu
ህቦብላ, hbobla
ማዕረ, maʕrä
ትብል, tbl
ኣጽዋር, 'aṣwar
ፍንፉን, fnfun
ነብያትን, näbyatn
ላባን, laban
ንሙሴን, nmusen
ተኣምራት, tä'amrat
ጊብዓ, gibʕa
ደለየ, däläyä
ከላ, käla
የብሎምን, yäblomn
ርኽሰት, rKsät
ክርስቶስን, krstosn
ዝገበርዎ, zgäbärwo
ዝለኣኸኒ, zlä'aKäni
